bug_id,api,stage,category,target_library,target_version,testcase,input,command_to_reproduce,stdout_stderr_excerpt,traceback,signature,exit_code,signal,first_seen_at,duplicate_of,status,oracle_verdict,device_oracle
bug-16cdcde9a1cd7bcd,tensorflow.keras.ops.identity,mutation,timeout_or_hang,tensorflow,2.21.0,stage4/results/tensorflow-thesis-all-coverage/execution_results/tensorflow.keras.ops.identity.results.json,json2init/results/tensorflow/tensorflow.keras.ops.identity.init.json,python3 -m stage4.stage4_worker --init-path json2init/results/tensorflow/tensorflow.keras.ops.identity.init.json --results-json stage4/results/tensorflow-thesis-all-coverage/repro/repro_tensorflow.keras.ops.identity.init.json --mutation-budget 32 --seed 1527,"/Users/aryansg/Desktop/DeepFuzz/.venv/lib/python3.13/site-packages/coverage/inorout.py:577: CoverageWarning: Module tensorflow was previously imported, but not measured (module-not-measured); see https://coverage.readthedocs.io/en/7.13.5/messages.html#warning-module-not-measured
  self.warn(msg, slug=""module-not-measured"")
/Users/aryansg/Desktop/DeepFuzz/.venv/lib/python3.13/site-packages/coverage/inorout.py:577: CoverageWarning: Module tensorflow was previously imported, but not measured (module-not-measured); see https://coverage.readthedocs.io/en/7.13.5/messages.html#warning-module-not-measured
  self.warn(msg, slug=""module-not-measured"")
/Users/aryansg/Desktop/DeepFuzz/.venv/lib/python3.13/site-packages/coverage/inorout.py:577: CoverageWarning: Module tensorflow was previously imported, but not measured (module-not-measured); see https://coverage.readthedocs.io/en/7.13.5/messages.html#warning-module-not-measured
  self.warn(msg, slug=""module-not-measured"")
/Users/aryansg/Desktop/DeepFuzz/.venv/lib/python3.13/site-packages/coverage/inorout.py:577: CoverageWarning: Module tensorflow was previously imported, but not measured (module-not-measured); see https://coverage.readthedocs.io/en/7.13.5/messages.html#warning-module-not-measured
  self.warn(msg, slug=""module-not-measured"")
/Users/aryansg/Desktop/DeepFuzz/.venv/lib/python3.13/site-packages/coverage/html.py:131: CoverageWarning: No contexts were measured
  self.coverage._warn(""No contexts were measured"")
",isolated execution timed out after 45s,16cdcde9a1cd7bcd,-9,SIGKILL,2026-05-12T16:48:39Z,,candidate,candidate_implementation_bug,{}
bug-ab0c2500a68de51d,tensorflow.keras.ops.numpy.identity,mutation,timeout_or_hang,tensorflow,2.21.0,stage4/results/tensorflow-thesis-all-coverage/execution_results/tensorflow.keras.ops.numpy.identity.results.json,json2init/results/tensorflow/tensorflow.keras.ops.numpy.identity.init.json,python3 -m stage4.stage4_worker --init-path json2init/results/tensorflow/tensorflow.keras.ops.numpy.identity.init.json --results-json stage4/results/tensorflow-thesis-all-coverage/repro/repro_tensorflow.keras.ops.numpy.identity.init.json --mutation-budget 32 --seed 1672,"/Users/aryansg/Desktop/DeepFuzz/.venv/lib/python3.13/site-packages/coverage/inorout.py:577: CoverageWarning: Module tensorflow was previously imported, but not measured (module-not-measured); see https://coverage.readthedocs.io/en/7.13.5/messages.html#warning-module-not-measured
  self.warn(msg, slug=""module-not-measured"")
/Users/aryansg/Desktop/DeepFuzz/.venv/lib/python3.13/site-packages/coverage/inorout.py:577: CoverageWarning: Module tensorflow was previously imported, but not measured (module-not-measured); see https://coverage.readthedocs.io/en/7.13.5/messages.html#warning-module-not-measured
  self.warn(msg, slug=""module-not-measured"")
/Users/aryansg/Desktop/DeepFuzz/.venv/lib/python3.13/site-packages/coverage/inorout.py:577: CoverageWarning: Module tensorflow was previously imported, but not measured (module-not-measured); see https://coverage.readthedocs.io/en/7.13.5/messages.html#warning-module-not-measured
  self.warn(msg, slug=""module-not-measured"")
/Users/aryansg/Desktop/DeepFuzz/.venv/lib/python3.13/site-packages/coverage/inorout.py:577: CoverageWarning: Module tensorflow was previously imported, but not measured (module-not-measured); see https://coverage.readthedocs.io/en/7.13.5/messages.html#warning-module-not-measured
  self.warn(msg, slug=""module-not-measured"")
/Users/aryansg/Desktop/DeepFuzz/.venv/lib/python3.13/site-packages/coverage/html.py:131: CoverageWarning: No contexts were measured
  self.coverage._warn(""No contexts were measured"")
",isolated execution timed out after 45s,ab0c2500a68de51d,-9,SIGKILL,2026-05-12T16:48:39Z,,candidate,candidate_implementation_bug,{}
bug-ec0ffd71f1f9d6d8,tensorflow.random.poisson,mutation,timeout_or_hang,tensorflow,2.21.0,stage4/results/tensorflow-thesis-all-coverage/execution_results/tensorflow.random.poisson.results.json,json2init/results/tensorflow/tensorflow.random.poisson.init.json,python3 -m stage4.stage4_worker --init-path json2init/results/tensorflow/tensorflow.random.poisson.init.json --results-json stage4/results/tensorflow-thesis-all-coverage/repro/repro_tensorflow.random.poisson.init.json --mutation-budget 32 --seed 1984,"/Users/aryansg/Desktop/DeepFuzz/.venv/lib/python3.13/site-packages/coverage/inorout.py:577: CoverageWarning: Module tensorflow was previously imported, but not measured (module-not-measured); see https://coverage.readthedocs.io/en/7.13.5/messages.html#warning-module-not-measured
  self.warn(msg, slug=""module-not-measured"")
/Users/aryansg/Desktop/DeepFuzz/.venv/lib/python3.13/site-packages/coverage/inorout.py:577: CoverageWarning: Module tensorflow was previously imported, but not measured (module-not-measured); see https://coverage.readthedocs.io/en/7.13.5/messages.html#warning-module-not-measured
  self.warn(msg, slug=""module-not-measured"")
/Users/aryansg/Desktop/DeepFuzz/.venv/lib/python3.13/site-packages/coverage/inorout.py:577: CoverageWarning: Module tensorflow was previously imported, but not measured (module-not-measured); see https://coverage.readthedocs.io/en/7.13.5/messages.html#warning-module-not-measured
  self.warn(msg, slug=""module-not-measured"")
/Users/aryansg/Desktop/DeepFuzz/.venv/lib/python3.13/site-packages/coverage/inorout.py:577: CoverageWarning: Module tensorflow was previously imported, but not measured (module-not-measured); see https://coverage.readthedocs.io/en/7.13.5/messages.html#warning-module-not-measured
  self.warn(msg, slug=""module-not-measured"")
/Users/aryansg/Desktop/DeepFuzz/.venv/lib/python3.13/site-packages/coverage/inorout.py:577: CoverageWarning: Module tensorflow was previously imported, but not measured (module-not-measured); see https://coverage.readthedocs.io/en/7.13.5/messages.html#warning-module-not-measured
  self.warn(msg, slug=""module-not-measured"")
/Users/aryansg/Desktop/DeepFuzz/.venv/lib/python3.13/site-packages/coverage/inorout.py:577: CoverageWarning: Module tensorflow was previously imported, but not measured (module-not-measured); see https://coverage.readthedocs.io/en/7.13.5/messages.html#warning-module-not-measured
  self.warn(msg, slug=""module-not-measured"")
/Users/aryansg/Desktop/DeepFuzz/.venv/lib/python3.
...[truncated]",isolated execution timed out after 45s,ec0ffd71f1f9d6d8,-9,SIGKILL,2026-05-12T16:48:39Z,,candidate,candidate_implementation_bug,{}
