api_full_name,init_json_path,runtime_supported_here,stage3_status,smoke_classification
torch.cuda.max_memory_allocated,json2init/results/torch/torch.cuda.max_memory_allocated.init.json,True,ready_for_stage4,success
torch.cuda.max_memory_reserved,json2init/results/torch/torch.cuda.max_memory_reserved.init.json,True,ready_for_stage4,success
torch.cuda.memory.max_memory_allocated,json2init/results/torch/torch.cuda.memory.max_memory_allocated.init.json,True,ready_for_stage4,success
torch.cuda.memory.max_memory_reserved,json2init/results/torch/torch.cuda.memory.max_memory_reserved.init.json,True,ready_for_stage4,success
torch.cuda.memory.memory_allocated,json2init/results/torch/torch.cuda.memory.memory_allocated.init.json,True,ready_for_stage4,success
torch.cuda.memory.memory_reserved,json2init/results/torch/torch.cuda.memory.memory_reserved.init.json,True,ready_for_stage4,success
torch.cuda.memory.memory_stats,json2init/results/torch/torch.cuda.memory.memory_stats.init.json,True,ready_for_stage4,success
torch.cuda.memory_allocated,json2init/results/torch/torch.cuda.memory_allocated.init.json,True,ready_for_stage4,success
torch.cuda.memory_reserved,json2init/results/torch/torch.cuda.memory_reserved.init.json,True,ready_for_stage4,success
torch.cuda.memory_stats,json2init/results/torch/torch.cuda.memory_stats.init.json,True,ready_for_stage4,success
torch.distributions.bernoulli.binary_cross_entropy_with_logits,json2init/results/torch/torch.distributions.bernoulli.binary_cross_entropy_with_logits.init.json,True,ready_for_stage4,success
torch.distributions.continuous_bernoulli.binary_cross_entropy_with_logits,json2init/results/torch/torch.distributions.continuous_bernoulli.binary_cross_entropy_with_logits.init.json,True,ready_for_stage4,success
torch.distributions.geometric.binary_cross_entropy_with_logits,json2init/results/torch/torch.distributions.geometric.binary_cross_entropy_with_logits.init.json,True,ready_for_stage4,success
torch.distributions.transforms.pad,json2init/results/torch/torch.distributions.transforms.pad.init.json,True,ready_for_stage4,success
torch.fx.experimental.symbolic_shapes.cast_symbool_to_symint_guardless,json2init/results/torch/torch.fx.experimental.symbolic_shapes.cast_symbool_to_symint_guardless.init.json,True,ready_for_stage4,success
torch.fx.experimental.symbolic_shapes.free_symbols,json2init/results/torch/torch.fx.experimental.symbolic_shapes.free_symbols.init.json,True,ready_for_stage4,success
torch.fx.experimental.symbolic_shapes.guard_scalar,json2init/results/torch/torch.fx.experimental.symbolic_shapes.guard_scalar.init.json,True,ready_for_stage4,success
torch.fx.experimental.symbolic_shapes.has_static_value,json2init/results/torch/torch.fx.experimental.symbolic_shapes.has_static_value.init.json,True,ready_for_stage4,success
torch.fx.experimental.symbolic_shapes.sympy.cse,json2init/results/torch/torch.fx.experimental.symbolic_shapes.sympy.cse.init.json,True,ready_for_stage4,success
torch.fx.experimental.symbolic_shapes.sympy.factor_system,json2init/results/torch/torch.fx.experimental.symbolic_shapes.sympy.factor_system.init.json,True,ready_for_stage4,success
torch.fx.experimental.symbolic_shapes.sympy.finite_diff_weights,json2init/results/torch/torch.fx.experimental.symbolic_shapes.sympy.finite_diff_weights.init.json,True,ready_for_stage4,success
torch.fx.experimental.symbolic_shapes.sympy.intersection,json2init/results/torch/torch.fx.experimental.symbolic_shapes.sympy.intersection.init.json,True,ready_for_stage4,success
torch.fx.experimental.symbolic_shapes.sympy.primefactors,json2init/results/torch/torch.fx.experimental.symbolic_shapes.sympy.primefactors.init.json,True,ready_for_stage4,success
torch.masked.amax,json2init/results/torch/torch.masked.amax.init.json,True,ready_for_stage4,success
torch.masked.amin,json2init/results/torch/torch.masked.amin.init.json,True,ready_for_stage4,success
torch.masked.argmax,json2init/results/torch/torch.masked.argmax.init.json,True,ready_for_stage4,success
torch.masked.argmin,json2init/results/torch/torch.masked.argmin.init.json,True,ready_for_stage4,success
torch.masked.cumprod,json2init/results/torch/torch.masked.cumprod.init.json,True,ready_for_stage4,success
torch.masked.cumsum,json2init/results/torch/torch.masked.cumsum.init.json,True,ready_for_stage4,success
torch.masked.log_softmax,json2init/results/torch/torch.masked.log_softmax.init.json,True,ready_for_stage4,success
torch.masked.logaddexp,json2init/results/torch/torch.masked.logaddexp.init.json,True,ready_for_stage4,success
torch.masked.logsumexp,json2init/results/torch/torch.masked.logsumexp.init.json,True,ready_for_stage4,success
torch.masked.mean,json2init/results/torch/torch.masked.mean.init.json,True,ready_for_stage4,success
torch.masked.median,json2init/results/torch/torch.masked.median.init.json,True,ready_for_stage4,success
torch.masked.norm,json2init/results/torch/torch.masked.norm.init.json,True,ready_for_stage4,success
torch.masked.normalize,json2init/results/torch/torch.masked.normalize.init.json,True,ready_for_stage4,success
torch.masked.prod,json2init/results/torch/torch.masked.prod.init.json,True,ready_for_stage4,success
torch.masked.softmax,json2init/results/torch/torch.masked.softmax.init.json,True,ready_for_stage4,success
torch.masked.softmin,json2init/results/torch/torch.masked.softmin.init.json,True,ready_for_stage4,success
torch.masked.std,json2init/results/torch/torch.masked.std.init.json,True,ready_for_stage4,success
torch.masked.sum,json2init/results/torch/torch.masked.sum.init.json,True,ready_for_stage4,success
torch.masked.var,json2init/results/torch/torch.masked.var.init.json,True,ready_for_stage4,success
torch.mtia.memory.memory_allocated,json2init/results/torch/torch.mtia.memory.memory_allocated.init.json,True,ready_for_stage4,success
torch.mtia.memory_allocated,json2init/results/torch/torch.mtia.memory_allocated.init.json,True,ready_for_stage4,success
torch.storage.np.angle,json2init/results/torch/torch.storage.np.angle.init.json,True,ready_for_stage4,success
torch.storage.np.array,json2init/results/torch/torch.storage.np.array.init.json,True,ready_for_stage4,success
torch.storage.np.asfortranarray,json2init/results/torch/torch.storage.np.asfortranarray.init.json,True,ready_for_stage4,success
torch.storage.np.base_repr,json2init/results/torch/torch.storage.np.base_repr.init.json,True,ready_for_stage4,success
torch.storage.np.block,json2init/results/torch/torch.storage.np.block.init.json,True,ready_for_stage4,success
torch.storage.np.broadcast_to,json2init/results/torch/torch.storage.np.broadcast_to.init.json,True,ready_for_stage4,success
torch.storage.np.clip,json2init/results/torch/torch.storage.np.clip.init.json,True,ready_for_stage4,success
torch.storage.np.column_stack,json2init/results/torch/torch.storage.np.column_stack.init.json,True,ready_for_stage4,success
torch.storage.np.compress,json2init/results/torch/torch.storage.np.compress.init.json,True,ready_for_stage4,success
torch.storage.np.core.arrayprint.array,json2init/results/torch/torch.storage.np.core.arrayprint.array.init.json,True,ready_for_stage4,success
torch.storage.np.core.arrayprint.format_float_positional,json2init/results/torch/torch.storage.np.core.arrayprint.format_float_positional.init.json,True,ready_for_stage4,success
torch.storage.np.core.arrayprint.format_float_scientific,json2init/results/torch/torch.storage.np.core.arrayprint.format_float_scientific.init.json,True,ready_for_stage4,success
torch.storage.np.core.defchararray.narray,json2init/results/torch/torch.storage.np.core.defchararray.narray.init.json,True,ready_for_stage4,success
torch.storage.np.core.fromnumeric.clip,json2init/results/torch/torch.storage.np.core.fromnumeric.clip.init.json,True,ready_for_stage4,success
torch.storage.np.core.fromnumeric.compress,json2init/results/torch/torch.storage.np.core.fromnumeric.compress.init.json,True,ready_for_stage4,success
torch.storage.np.core.fromnumeric.cumprod,json2init/results/torch/torch.storage.np.core.fromnumeric.cumprod.init.json,True,ready_for_stage4,success
torch.storage.np.core.fromnumeric.ndim,json2init/results/torch/torch.storage.np.core.fromnumeric.ndim.init.json,True,ready_for_stage4,success
torch.storage.np.core.fromnumeric.nonzero,json2init/results/torch/torch.storage.np.core.fromnumeric.nonzero.init.json,True,ready_for_stage4,success
torch.storage.np.core.fromnumeric.partition,json2init/results/torch/torch.storage.np.core.fromnumeric.partition.init.json,True,ready_for_stage4,success
torch.storage.np.core.fromnumeric.shape,json2init/results/torch/torch.storage.np.core.fromnumeric.shape.init.json,True,ready_for_stage4,success
torch.storage.np.core.fromnumeric.sort,json2init/results/torch/torch.storage.np.core.fromnumeric.sort.init.json,True,ready_for_stage4,success
torch.storage.np.core.fromnumeric.transpose,json2init/results/torch/torch.storage.np.core.fromnumeric.transpose.init.json,True,ready_for_stage4,success
torch.storage.np.core.function_base.geomspace,json2init/results/torch/torch.storage.np.core.function_base.geomspace.init.json,True,ready_for_stage4,success
torch.storage.np.core.function_base.logspace,json2init/results/torch/torch.storage.np.core.function_base.logspace.init.json,True,ready_for_stage4,success
torch.storage.np.core.function_base.ndim,json2init/results/torch/torch.storage.np.core.function_base.ndim.init.json,True,ready_for_stage4,success
torch.storage.np.core.multiarray.array,json2init/results/torch/torch.storage.np.core.multiarray.array.init.json,True,ready_for_stage4,success
torch.storage.np.core.multiarray.asfortranarray,json2init/results/torch/torch.storage.np.core.multiarray.asfortranarray.init.json,True,ready_for_stage4,success
torch.storage.np.core.multiarray.empty,json2init/results/torch/torch.storage.np.core.multiarray.empty.init.json,True,ready_for_stage4,success
torch.storage.np.core.multiarray.empty_like,json2init/results/torch/torch.storage.np.core.multiarray.empty_like.init.json,True,ready_for_stage4,success
torch.storage.np.core.multiarray.zeros,json2init/results/torch/torch.storage.np.core.multiarray.zeros.init.json,True,ready_for_stage4,success
torch.storage.np.core.numeric.array,json2init/results/torch/torch.storage.np.core.numeric.array.init.json,True,ready_for_stage4,success
torch.storage.np.core.numeric.asfortranarray,json2init/results/torch/torch.storage.np.core.numeric.asfortranarray.init.json,True,ready_for_stage4,success
torch.storage.np.core.numeric.base_repr,json2init/results/torch/torch.storage.np.core.numeric.base_repr.init.json,True,ready_for_stage4,success
torch.storage.np.core.numeric.clip,json2init/results/torch/torch.storage.np.core.numeric.clip.init.json,True,ready_for_stage4,success
torch.storage.np.core.numeric.compress,json2init/results/torch/torch.storage.np.core.numeric.compress.init.json,True,ready_for_stage4,success
torch.storage.np.core.numeric.count_nonzero,json2init/results/torch/torch.storage.np.core.numeric.count_nonzero.init.json,True,ready_for_stage4,success
torch.storage.np.core.numeric.cumprod,json2init/results/torch/torch.storage.np.core.numeric.cumprod.init.json,True,ready_for_stage4,success
torch.storage.np.core.numeric.empty,json2init/results/torch/torch.storage.np.core.numeric.empty.init.json,True,ready_for_stage4,success
torch.storage.np.core.numeric.empty_like,json2init/results/torch/torch.storage.np.core.numeric.empty_like.init.json,True,ready_for_stage4,success
torch.storage.np.core.numeric.format_float_positional,json2init/results/torch/torch.storage.np.core.numeric.format_float_positional.init.json,True,ready_for_stage4,success
torch.storage.np.core.numeric.format_float_scientific,json2init/results/torch/torch.storage.np.core.numeric.format_float_scientific.init.json,True,ready_for_stage4,success
torch.storage.np.core.numeric.full,json2init/results/torch/torch.storage.np.core.numeric.full.init.json,True,ready_for_stage4,success
torch.storage.np.core.numeric.identity,json2init/results/torch/torch.storage.np.core.numeric.identity.init.json,True,ready_for_stage4,success
torch.storage.np.core.numeric.isscalar,json2init/results/torch/torch.storage.np.core.numeric.isscalar.init.json,True,ready_for_stage4,success
torch.storage.np.core.numeric.ndim,json2init/results/torch/torch.storage.np.core.numeric.ndim.init.json,True,ready_for_stage4,success
torch.storage.np.core.numeric.nonzero,json2init/results/torch/torch.storage.np.core.numeric.nonzero.init.json,True,ready_for_stage4,success
torch.storage.np.core.numeric.ones,json2init/results/torch/torch.storage.np.core.numeric.ones.init.json,True,ready_for_stage4,success
torch.storage.np.core.numeric.ones_like,json2init/results/torch/torch.storage.np.core.numeric.ones_like.init.json,True,ready_for_stage4,success
torch.storage.np.core.numeric.partition,json2init/results/torch/torch.storage.np.core.numeric.partition.init.json,True,ready_for_stage4,success
torch.storage.np.core.numeric.roll,json2init/results/torch/torch.storage.np.core.numeric.roll.init.json,True,ready_for_stage4,success
torch.storage.np.core.numeric.shape,json2init/results/torch/torch.storage.np.core.numeric.shape.init.json,True,ready_for_stage4,success
torch.storage.np.core.numeric.sort,json2init/results/torch/torch.storage.np.core.numeric.sort.init.json,True,ready_for_stage4,success
torch.storage.np.core.numeric.transpose,json2init/results/torch/torch.storage.np.core.numeric.transpose.init.json,True,ready_for_stage4,success
torch.storage.np.core.numeric.zeros,json2init/results/torch/torch.storage.np.core.numeric.zeros.init.json,True,ready_for_stage4,success
torch.storage.np.core.numeric.zeros_like,json2init/results/torch/torch.storage.np.core.numeric.zeros_like.init.json,True,ready_for_stage4,success
torch.storage.np.core.numerictypes.maximum_sctype,json2init/results/torch/torch.storage.np.core.numerictypes.maximum_sctype.init.json,True,ready_for_stage4,success
torch.storage.np.core.records.fromarrays,json2init/results/torch/torch.storage.np.core.records.fromarrays.init.json,True,ready_for_stage4,success
torch.storage.np.core.records.fromrecords,json2init/results/torch/torch.storage.np.core.records.fromrecords.init.json,True,ready_for_stage4,success
torch.storage.np.core.shape_base.array,json2init/results/torch/torch.storage.np.core.shape_base.array.init.json,True,ready_for_stage4,success
torch.storage.np.core.shape_base.block,json2init/results/torch/torch.storage.np.core.shape_base.block.init.json,True,ready_for_stage4,success
torch.storage.np.core.shape_base.hstack,json2init/results/torch/torch.storage.np.core.shape_base.hstack.init.json,True,ready_for_stage4,success
torch.storage.np.core.shape_base.stack,json2init/results/torch/torch.storage.np.core.shape_base.stack.init.json,True,ready_for_stage4,success
torch.storage.np.core.shape_base.vstack,json2init/results/torch/torch.storage.np.core.shape_base.vstack.init.json,True,ready_for_stage4,success
torch.storage.np.core.umath.array,json2init/results/torch/torch.storage.np.core.umath.array.init.json,True,ready_for_stage4,success
torch.storage.np.core.umath.asfortranarray,json2init/results/torch/torch.storage.np.core.umath.asfortranarray.init.json,True,ready_for_stage4,success
torch.storage.np.core.umath.empty,json2init/results/torch/torch.storage.np.core.umath.empty.init.json,True,ready_for_stage4,success
torch.storage.np.core.umath.empty_like,json2init/results/torch/torch.storage.np.core.umath.empty_like.init.json,True,ready_for_stage4,success
torch.storage.np.core.umath.zeros,json2init/results/torch/torch.storage.np.core.umath.zeros.init.json,True,ready_for_stage4,success
torch.storage.np.corrcoef,json2init/results/torch/torch.storage.np.corrcoef.init.json,True,ready_for_stage4,success
torch.storage.np.count_nonzero,json2init/results/torch/torch.storage.np.count_nonzero.init.json,True,ready_for_stage4,success
torch.storage.np.cov,json2init/results/torch/torch.storage.np.cov.init.json,True,ready_for_stage4,success
torch.storage.np.ctypeslib.ndpointer,json2init/results/torch/torch.storage.np.ctypeslib.ndpointer.init.json,True,ready_for_stage4,success
torch.storage.np.cumprod,json2init/results/torch/torch.storage.np.cumprod.init.json,True,ready_for_stage4,success
torch.storage.np.diff,json2init/results/torch/torch.storage.np.diff.init.json,True,ready_for_stage4,success
torch.storage.np.digitize,json2init/results/torch/torch.storage.np.digitize.init.json,True,ready_for_stage4,success
torch.storage.np.dstack,json2init/results/torch/torch.storage.np.dstack.init.json,True,ready_for_stage4,success
torch.storage.np.empty,json2init/results/torch/torch.storage.np.empty.init.json,True,ready_for_stage4,success
torch.storage.np.empty_like,json2init/results/torch/torch.storage.np.empty_like.init.json,True,ready_for_stage4,success
torch.storage.np.expand_dims,json2init/results/torch/torch.storage.np.expand_dims.init.json,True,ready_for_stage4,success
torch.storage.np.extract,json2init/results/torch/torch.storage.np.extract.init.json,True,ready_for_stage4,success
torch.storage.np.fft.fftfreq,json2init/results/torch/torch.storage.np.fft.fftfreq.init.json,True,ready_for_stage4,success
torch.storage.np.fft.fftn,json2init/results/torch/torch.storage.np.fft.fftn.init.json,True,ready_for_stage4,success
torch.storage.np.fft.fftshift,json2init/results/torch/torch.storage.np.fft.fftshift.init.json,True,ready_for_stage4,success
torch.storage.np.fft.ifftn,json2init/results/torch/torch.storage.np.fft.ifftn.init.json,True,ready_for_stage4,success
torch.storage.np.fft.ifftshift,json2init/results/torch/torch.storage.np.fft.ifftshift.init.json,True,ready_for_stage4,success
torch.storage.np.fft.rfftfreq,json2init/results/torch/torch.storage.np.fft.rfftfreq.init.json,True,ready_for_stage4,success
torch.storage.np.fliplr,json2init/results/torch/torch.storage.np.fliplr.init.json,True,ready_for_stage4,success
torch.storage.np.format_float_positional,json2init/results/torch/torch.storage.np.format_float_positional.init.json,True,ready_for_stage4,success
torch.storage.np.format_float_scientific,json2init/results/torch/torch.storage.np.format_float_scientific.init.json,True,ready_for_stage4,success
torch.storage.np.full,json2init/results/torch/torch.storage.np.full.init.json,True,ready_for_stage4,success
torch.storage.np.geomspace,json2init/results/torch/torch.storage.np.geomspace.init.json,True,ready_for_stage4,success
torch.storage.np.histogram2d,json2init/results/torch/torch.storage.np.histogram2d.init.json,True,ready_for_stage4,success
torch.storage.np.histogram_bin_edges,json2init/results/torch/torch.storage.np.histogram_bin_edges.init.json,True,ready_for_stage4,success
torch.storage.np.histogramdd,json2init/results/torch/torch.storage.np.histogramdd.init.json,True,ready_for_stage4,success
torch.storage.np.hstack,json2init/results/torch/torch.storage.np.hstack.init.json,True,ready_for_stage4,success
torch.storage.np.identity,json2init/results/torch/torch.storage.np.identity.init.json,True,ready_for_stage4,success
torch.storage.np.iscomplex,json2init/results/torch/torch.storage.np.iscomplex.init.json,True,ready_for_stage4,success
torch.storage.np.iscomplexobj,json2init/results/torch/torch.storage.np.iscomplexobj.init.json,True,ready_for_stage4,success
torch.storage.np.isin,json2init/results/torch/torch.storage.np.isin.init.json,True,ready_for_stage4,success
torch.storage.np.isneginf,json2init/results/torch/torch.storage.np.isneginf.init.json,True,ready_for_stage4,success
torch.storage.np.isposinf,json2init/results/torch/torch.storage.np.isposinf.init.json,True,ready_for_stage4,success
torch.storage.np.isrealobj,json2init/results/torch/torch.storage.np.isrealobj.init.json,True,ready_for_stage4,success
torch.storage.np.isscalar,json2init/results/torch/torch.storage.np.isscalar.init.json,True,ready_for_stage4,success
torch.storage.np.lib.introspect.opt_func_info,json2init/results/torch/torch.storage.np.lib.introspect.opt_func_info.init.json,True,ready_for_stage4,success
torch.storage.np.lib.stride_tricks.as_strided,json2init/results/torch/torch.storage.np.lib.stride_tricks.as_strided.init.json,True,ready_for_stage4,success
torch.storage.np.linalg.eig,json2init/results/torch/torch.storage.np.linalg.eig.init.json,True,ready_for_stage4,success
torch.storage.np.linalg.norm,json2init/results/torch/torch.storage.np.linalg.norm.init.json,True,ready_for_stage4,success
torch.storage.np.logspace,json2init/results/torch/torch.storage.np.logspace.init.json,True,ready_for_stage4,success
torch.storage.np.ma.asarray,json2init/results/torch/torch.storage.np.ma.asarray.init.json,True,ready_for_stage4,success
torch.storage.np.ma.clump_masked,json2init/results/torch/torch.storage.np.ma.clump_masked.init.json,True,ready_for_stage4,success
torch.storage.np.ma.clump_unmasked,json2init/results/torch/torch.storage.np.ma.clump_unmasked.init.json,True,ready_for_stage4,success
torch.storage.np.ma.compress_nd,json2init/results/torch/torch.storage.np.ma.compress_nd.init.json,True,ready_for_stage4,success
torch.storage.np.ma.compress_rowcols,json2init/results/torch/torch.storage.np.ma.compress_rowcols.init.json,True,ready_for_stage4,success
torch.storage.np.ma.core.asarray,json2init/results/torch/torch.storage.np.ma.core.asarray.init.json,True,ready_for_stage4,success
torch.storage.np.ma.core.default_fill_value,json2init/results/torch/torch.storage.np.ma.core.default_fill_value.init.json,True,ready_for_stage4,success
torch.storage.np.ma.core.empty,json2init/results/torch/torch.storage.np.ma.core.empty.init.json,True,ready_for_stage4,success
torch.storage.np.ma.core.empty_like,json2init/results/torch/torch.storage.np.ma.core.empty_like.init.json,True,ready_for_stage4,success
torch.storage.np.ma.core.expand_dims,json2init/results/torch/torch.storage.np.ma.core.expand_dims.init.json,True,ready_for_stage4,success
torch.storage.np.ma.core.fix_invalid,json2init/results/torch/torch.storage.np.ma.core.fix_invalid.init.json,True,ready_for_stage4,success
torch.storage.np.ma.core.identity,json2init/results/torch/torch.storage.np.ma.core.identity.init.json,True,ready_for_stage4,success
torch.storage.np.ma.core.is_mask,json2init/results/torch/torch.storage.np.ma.core.is_mask.init.json,True,ready_for_stage4,success
torch.storage.np.ma.core.iscomplexobj,json2init/results/torch/torch.storage.np.ma.core.iscomplexobj.init.json,True,ready_for_stage4,success
torch.storage.np.ma.core.make_mask_none,json2init/results/torch/torch.storage.np.ma.core.make_mask_none.init.json,True,ready_for_stage4,success
torch.storage.np.ma.core.maximum_fill_value,json2init/results/torch/torch.storage.np.ma.core.maximum_fill_value.init.json,True,ready_for_stage4,success
torch.storage.np.ma.core.minimum_fill_value,json2init/results/torch/torch.storage.np.ma.core.minimum_fill_value.init.json,True,ready_for_stage4,success
torch.storage.np.ma.core.narray,json2init/results/torch/torch.storage.np.ma.core.narray.init.json,True,ready_for_stage4,success
torch.storage.np.ma.core.ones,json2init/results/torch/torch.storage.np.ma.core.ones.init.json,True,ready_for_stage4,success
torch.storage.np.ma.core.ones_like,json2init/results/torch/torch.storage.np.ma.core.ones_like.init.json,True,ready_for_stage4,success
torch.storage.np.ma.core.zeros,json2init/results/torch/torch.storage.np.ma.core.zeros.init.json,True,ready_for_stage4,success
torch.storage.np.ma.core.zeros_like,json2init/results/torch/torch.storage.np.ma.core.zeros_like.init.json,True,ready_for_stage4,success
torch.storage.np.ma.default_fill_value,json2init/results/torch/torch.storage.np.ma.default_fill_value.init.json,True,ready_for_stage4,success
torch.storage.np.ma.empty,json2init/results/torch/torch.storage.np.ma.empty.init.json,True,ready_for_stage4,success
torch.storage.np.ma.empty_like,json2init/results/torch/torch.storage.np.ma.empty_like.init.json,True,ready_for_stage4,success
torch.storage.np.ma.expand_dims,json2init/results/torch/torch.storage.np.ma.expand_dims.init.json,True,ready_for_stage4,success
torch.storage.np.ma.extras.asarray,json2init/results/torch/torch.storage.np.ma.extras.asarray.init.json,True,ready_for_stage4,success
torch.storage.np.ma.extras.clump_masked,json2init/results/torch/torch.storage.np.ma.extras.clump_masked.init.json,True,ready_for_stage4,success
torch.storage.np.ma.extras.clump_unmasked,json2init/results/torch/torch.storage.np.ma.extras.clump_unmasked.init.json,True,ready_for_stage4,success
torch.storage.np.ma.extras.compress_nd,json2init/results/torch/torch.storage.np.ma.extras.compress_nd.init.json,True,ready_for_stage4,success
torch.storage.np.ma.extras.compress_rowcols,json2init/results/torch/torch.storage.np.ma.extras.compress_rowcols.init.json,True,ready_for_stage4,success
torch.storage.np.ma.extras.flatnotmasked_contiguous,json2init/results/torch/torch.storage.np.ma.extras.flatnotmasked_contiguous.init.json,True,ready_for_stage4,success
torch.storage.np.ma.extras.mask_rowcols,json2init/results/torch/torch.storage.np.ma.extras.mask_rowcols.init.json,True,ready_for_stage4,success
torch.storage.np.ma.extras.masked_all,json2init/results/torch/torch.storage.np.ma.extras.masked_all.init.json,True,ready_for_stage4,success
torch.storage.np.ma.extras.masked_all_like,json2init/results/torch/torch.storage.np.ma.extras.masked_all_like.init.json,True,ready_for_stage4,success
torch.storage.np.ma.extras.nxarray,json2init/results/torch/torch.storage.np.ma.extras.nxarray.init.json,True,ready_for_stage4,success
torch.storage.np.ma.extras.ones,json2init/results/torch/torch.storage.np.ma.extras.ones.init.json,True,ready_for_stage4,success
torch.storage.np.ma.extras.zeros,json2init/results/torch/torch.storage.np.ma.extras.zeros.init.json,True,ready_for_stage4,success
torch.storage.np.ma.fix_invalid,json2init/results/torch/torch.storage.np.ma.fix_invalid.init.json,True,ready_for_stage4,success
torch.storage.np.ma.flatnotmasked_contiguous,json2init/results/torch/torch.storage.np.ma.flatnotmasked_contiguous.init.json,True,ready_for_stage4,success
torch.storage.np.ma.identity,json2init/results/torch/torch.storage.np.ma.identity.init.json,True,ready_for_stage4,success
torch.storage.np.ma.is_mask,json2init/results/torch/torch.storage.np.ma.is_mask.init.json,True,ready_for_stage4,success
torch.storage.np.ma.make_mask_none,json2init/results/torch/torch.storage.np.ma.make_mask_none.init.json,True,ready_for_stage4,success
torch.storage.np.ma.mask_rowcols,json2init/results/torch/torch.storage.np.ma.mask_rowcols.init.json,True,ready_for_stage4,success
torch.storage.np.ma.masked_all,json2init/results/torch/torch.storage.np.ma.masked_all.init.json,True,ready_for_stage4,success
torch.storage.np.ma.masked_all_like,json2init/results/torch/torch.storage.np.ma.masked_all_like.init.json,True,ready_for_stage4,success
torch.storage.np.ma.maximum_fill_value,json2init/results/torch/torch.storage.np.ma.maximum_fill_value.init.json,True,ready_for_stage4,success
torch.storage.np.ma.minimum_fill_value,json2init/results/torch/torch.storage.np.ma.minimum_fill_value.init.json,True,ready_for_stage4,success
torch.storage.np.ma.ones,json2init/results/torch/torch.storage.np.ma.ones.init.json,True,ready_for_stage4,success
torch.storage.np.ma.ones_like,json2init/results/torch/torch.storage.np.ma.ones_like.init.json,True,ready_for_stage4,success
torch.storage.np.ma.zeros,json2init/results/torch/torch.storage.np.ma.zeros.init.json,True,ready_for_stage4,success
torch.storage.np.ma.zeros_like,json2init/results/torch/torch.storage.np.ma.zeros_like.init.json,True,ready_for_stage4,success
torch.storage.np.nancumprod,json2init/results/torch/torch.storage.np.nancumprod.init.json,True,ready_for_stage4,success
torch.storage.np.nanprod,json2init/results/torch/torch.storage.np.nanprod.init.json,True,ready_for_stage4,success
torch.storage.np.ndim,json2init/results/torch/torch.storage.np.ndim.init.json,True,ready_for_stage4,success
torch.storage.np.nonzero,json2init/results/torch/torch.storage.np.nonzero.init.json,True,ready_for_stage4,success
torch.storage.np.ones,json2init/results/torch/torch.storage.np.ones.init.json,True,ready_for_stage4,success
torch.storage.np.ones_like,json2init/results/torch/torch.storage.np.ones_like.init.json,True,ready_for_stage4,success
torch.storage.np.pad,json2init/results/torch/torch.storage.np.pad.init.json,True,ready_for_stage4,success
torch.storage.np.partition,json2init/results/torch/torch.storage.np.partition.init.json,True,ready_for_stage4,success
torch.storage.np.permute_dims,json2init/results/torch/torch.storage.np.permute_dims.init.json,True,ready_for_stage4,success
torch.storage.np.poly,json2init/results/torch/torch.storage.np.poly.init.json,True,ready_for_stage4,success
torch.storage.np.polynomial.chebyshev.cheb2poly,json2init/results/torch/torch.storage.np.polynomial.chebyshev.cheb2poly.init.json,True,ready_for_stage4,success
torch.storage.np.polynomial.chebyshev.chebcompanion,json2init/results/torch/torch.storage.np.polynomial.chebyshev.chebcompanion.init.json,True,ready_for_stage4,success
torch.storage.np.polynomial.chebyshev.chebder,json2init/results/torch/torch.storage.np.polynomial.chebyshev.chebder.init.json,True,ready_for_stage4,success
torch.storage.np.polynomial.chebyshev.chebgauss,json2init/results/torch/torch.storage.np.polynomial.chebyshev.chebgauss.init.json,True,ready_for_stage4,success
torch.storage.np.polynomial.chebyshev.chebint,json2init/results/torch/torch.storage.np.polynomial.chebyshev.chebint.init.json,True,ready_for_stage4,success
torch.storage.np.polynomial.chebyshev.chebmulx,json2init/results/torch/torch.storage.np.polynomial.chebyshev.chebmulx.init.json,True,ready_for_stage4,success
torch.storage.np.polynomial.chebyshev.chebval,json2init/results/torch/torch.storage.np.polynomial.chebyshev.chebval.init.json,True,ready_for_stage4,success
torch.storage.np.polynomial.chebyshev.chebvander,json2init/results/torch/torch.storage.np.polynomial.chebyshev.chebvander.init.json,True,ready_for_stage4,success
torch.storage.np.polynomial.chebyshev.poly2cheb,json2init/results/torch/torch.storage.np.polynomial.chebyshev.poly2cheb.init.json,True,ready_for_stage4,success
torch.storage.np.polynomial.hermite.herm2poly,json2init/results/torch/torch.storage.np.polynomial.hermite.herm2poly.init.json,True,ready_for_stage4,success
torch.storage.np.polynomial.hermite.hermcompanion,json2init/results/torch/torch.storage.np.polynomial.hermite.hermcompanion.init.json,True,ready_for_stage4,success
torch.storage.np.polynomial.hermite.hermder,json2init/results/torch/torch.storage.np.polynomial.hermite.hermder.init.json,True,ready_for_stage4,success
torch.storage.np.polynomial.hermite.hermgauss,json2init/results/torch/torch.storage.np.polynomial.hermite.hermgauss.init.json,True,ready_for_stage4,success
torch.storage.np.polynomial.hermite.hermint,json2init/results/torch/torch.storage.np.polynomial.hermite.hermint.init.json,True,ready_for_stage4,success
torch.storage.np.polynomial.hermite.hermmulx,json2init/results/torch/torch.storage.np.polynomial.hermite.hermmulx.init.json,True,ready_for_stage4,success
torch.storage.np.polynomial.hermite.hermval,json2init/results/torch/torch.storage.np.polynomial.hermite.hermval.init.json,True,ready_for_stage4,success
torch.storage.np.polynomial.hermite.hermvander,json2init/results/torch/torch.storage.np.polynomial.hermite.hermvander.init.json,True,ready_for_stage4,success
torch.storage.np.polynomial.hermite.poly2herm,json2init/results/torch/torch.storage.np.polynomial.hermite.poly2herm.init.json,True,ready_for_stage4,success
torch.storage.np.polynomial.hermite_e.herme2poly,json2init/results/torch/torch.storage.np.polynomial.hermite_e.herme2poly.init.json,True,ready_for_stage4,success
torch.storage.np.polynomial.hermite_e.hermecompanion,json2init/results/torch/torch.storage.np.polynomial.hermite_e.hermecompanion.init.json,True,ready_for_stage4,success
torch.storage.np.polynomial.hermite_e.hermeder,json2init/results/torch/torch.storage.np.polynomial.hermite_e.hermeder.init.json,True,ready_for_stage4,success
torch.storage.np.polynomial.hermite_e.hermegauss,json2init/results/torch/torch.storage.np.polynomial.hermite_e.hermegauss.init.json,True,ready_for_stage4,success
torch.storage.np.polynomial.hermite_e.hermeint,json2init/results/torch/torch.storage.np.polynomial.hermite_e.hermeint.init.json,True,ready_for_stage4,success
torch.storage.np.polynomial.hermite_e.hermemulx,json2init/results/torch/torch.storage.np.polynomial.hermite_e.hermemulx.init.json,True,ready_for_stage4,success
torch.storage.np.polynomial.hermite_e.hermeval,json2init/results/torch/torch.storage.np.polynomial.hermite_e.hermeval.init.json,True,ready_for_stage4,success
torch.storage.np.polynomial.hermite_e.hermevander,json2init/results/torch/torch.storage.np.polynomial.hermite_e.hermevander.init.json,True,ready_for_stage4,success
torch.storage.np.polynomial.hermite_e.poly2herme,json2init/results/torch/torch.storage.np.polynomial.hermite_e.poly2herme.init.json,True,ready_for_stage4,success
torch.storage.np.polynomial.laguerre.lag2poly,json2init/results/torch/torch.storage.np.polynomial.laguerre.lag2poly.init.json,True,ready_for_stage4,success
torch.storage.np.polynomial.laguerre.lagder,json2init/results/torch/torch.storage.np.polynomial.laguerre.lagder.init.json,True,ready_for_stage4,success
torch.storage.np.polynomial.laguerre.laggauss,json2init/results/torch/torch.storage.np.polynomial.laguerre.laggauss.init.json,True,ready_for_stage4,success
torch.storage.np.polynomial.laguerre.lagint,json2init/results/torch/torch.storage.np.polynomial.laguerre.lagint.init.json,True,ready_for_stage4,success
torch.storage.np.polynomial.laguerre.lagmulx,json2init/results/torch/torch.storage.np.polynomial.laguerre.lagmulx.init.json,True,ready_for_stage4,success
torch.storage.np.polynomial.laguerre.lagval,json2init/results/torch/torch.storage.np.polynomial.laguerre.lagval.init.json,True,ready_for_stage4,success
torch.storage.np.polynomial.laguerre.lagvander,json2init/results/torch/torch.storage.np.polynomial.laguerre.lagvander.init.json,True,ready_for_stage4,success
torch.storage.np.polynomial.laguerre.poly2lag,json2init/results/torch/torch.storage.np.polynomial.laguerre.poly2lag.init.json,True,ready_for_stage4,success
torch.storage.np.polynomial.legendre.leg2poly,json2init/results/torch/torch.storage.np.polynomial.legendre.leg2poly.init.json,True,ready_for_stage4,success
torch.storage.np.polynomial.legendre.legcompanion,json2init/results/torch/torch.storage.np.polynomial.legendre.legcompanion.init.json,True,ready_for_stage4,success
torch.storage.np.polynomial.legendre.legder,json2init/results/torch/torch.storage.np.polynomial.legendre.legder.init.json,True,ready_for_stage4,success
torch.storage.np.polynomial.legendre.leggauss,json2init/results/torch/torch.storage.np.polynomial.legendre.leggauss.init.json,True,ready_for_stage4,success
torch.storage.np.polynomial.legendre.legint,json2init/results/torch/torch.storage.np.polynomial.legendre.legint.init.json,True,ready_for_stage4,success
torch.storage.np.polynomial.legendre.legmulx,json2init/results/torch/torch.storage.np.polynomial.legendre.legmulx.init.json,True,ready_for_stage4,success
torch.storage.np.polynomial.legendre.legval,json2init/results/torch/torch.storage.np.polynomial.legendre.legval.init.json,True,ready_for_stage4,success
torch.storage.np.polynomial.legendre.legvander,json2init/results/torch/torch.storage.np.polynomial.legendre.legvander.init.json,True,ready_for_stage4,success
torch.storage.np.polynomial.legendre.poly2leg,json2init/results/torch/torch.storage.np.polynomial.legendre.poly2leg.init.json,True,ready_for_stage4,success
torch.storage.np.polynomial.polynomial.polyder,json2init/results/torch/torch.storage.np.polynomial.polynomial.polyder.init.json,True,ready_for_stage4,success
torch.storage.np.polynomial.polynomial.polyint,json2init/results/torch/torch.storage.np.polynomial.polynomial.polyint.init.json,True,ready_for_stage4,success
torch.storage.np.polynomial.polynomial.polymulx,json2init/results/torch/torch.storage.np.polynomial.polynomial.polymulx.init.json,True,ready_for_stage4,success
torch.storage.np.polynomial.polynomial.polyval,json2init/results/torch/torch.storage.np.polynomial.polynomial.polyval.init.json,True,ready_for_stage4,success
torch.storage.np.polynomial.polynomial.polyvalfromroots,json2init/results/torch/torch.storage.np.polynomial.polynomial.polyvalfromroots.init.json,True,ready_for_stage4,success
torch.storage.np.polynomial.polynomial.polyvander,json2init/results/torch/torch.storage.np.polynomial.polynomial.polyvander.init.json,True,ready_for_stage4,success
torch.storage.np.random.choice,json2init/results/torch/torch.storage.np.random.choice.init.json,True,ready_for_stage4,success
torch.storage.np.random.mtrand.choice,json2init/results/torch/torch.storage.np.random.mtrand.choice.init.json,True,ready_for_stage4,success
torch.storage.np.random.mtrand.permutation,json2init/results/torch/torch.storage.np.random.mtrand.permutation.init.json,True,ready_for_stage4,success
torch.storage.np.random.mtrand.standard_cauchy,json2init/results/torch/torch.storage.np.random.mtrand.standard_cauchy.init.json,True,ready_for_stage4,success
torch.storage.np.random.mtrand.standard_exponential,json2init/results/torch/torch.storage.np.random.mtrand.standard_exponential.init.json,True,ready_for_stage4,success
torch.storage.np.random.permutation,json2init/results/torch/torch.storage.np.random.permutation.init.json,True,ready_for_stage4,success
torch.storage.np.random.standard_cauchy,json2init/results/torch/torch.storage.np.random.standard_cauchy.init.json,True,ready_for_stage4,success
torch.storage.np.random.standard_exponential,json2init/results/torch/torch.storage.np.random.standard_exponential.init.json,True,ready_for_stage4,success
torch.storage.np.rec.fromarrays,json2init/results/torch/torch.storage.np.rec.fromarrays.init.json,True,ready_for_stage4,success
torch.storage.np.rec.fromrecords,json2init/results/torch/torch.storage.np.rec.fromrecords.init.json,True,ready_for_stage4,success
torch.storage.np.roll,json2init/results/torch/torch.storage.np.roll.init.json,True,ready_for_stage4,success
torch.storage.np.roots,json2init/results/torch/torch.storage.np.roots.init.json,True,ready_for_stage4,success
torch.storage.np.row_stack,json2init/results/torch/torch.storage.np.row_stack.init.json,True,ready_for_stage4,success
torch.storage.np.shape,json2init/results/torch/torch.storage.np.shape.init.json,True,ready_for_stage4,success
torch.storage.np.sinc,json2init/results/torch/torch.storage.np.sinc.init.json,True,ready_for_stage4,success
torch.storage.np.sort,json2init/results/torch/torch.storage.np.sort.init.json,True,ready_for_stage4,success
torch.storage.np.stack,json2init/results/torch/torch.storage.np.stack.init.json,True,ready_for_stage4,success
torch.storage.np.transpose,json2init/results/torch/torch.storage.np.transpose.init.json,True,ready_for_stage4,success
torch.storage.np.tri,json2init/results/torch/torch.storage.np.tri.init.json,True,ready_for_stage4,success
torch.storage.np.tril,json2init/results/torch/torch.storage.np.tril.init.json,True,ready_for_stage4,success
torch.storage.np.tril_indices,json2init/results/torch/torch.storage.np.tril_indices.init.json,True,ready_for_stage4,success
torch.storage.np.trim_zeros,json2init/results/torch/torch.storage.np.trim_zeros.init.json,True,ready_for_stage4,success
torch.storage.np.triu_indices,json2init/results/torch/torch.storage.np.triu_indices.init.json,True,ready_for_stage4,success
torch.storage.np.unwrap,json2init/results/torch/torch.storage.np.unwrap.init.json,True,ready_for_stage4,success
torch.storage.np.vstack,json2init/results/torch/torch.storage.np.vstack.init.json,True,ready_for_stage4,success
torch.storage.np.zeros,json2init/results/torch/torch.storage.np.zeros.init.json,True,ready_for_stage4,success
torch.storage.np.zeros_like,json2init/results/torch/torch.storage.np.zeros_like.init.json,True,ready_for_stage4,success
torch.windows.bartlett,json2init/results/torch/torch.windows.bartlett.init.json,True,ready_for_stage4,success
torch.windows.blackman,json2init/results/torch/torch.windows.blackman.init.json,True,ready_for_stage4,success
torch.windows.cosine,json2init/results/torch/torch.windows.cosine.init.json,True,ready_for_stage4,success
torch.windows.exponential,json2init/results/torch/torch.windows.exponential.init.json,True,ready_for_stage4,success
torch.windows.gaussian,json2init/results/torch/torch.windows.gaussian.init.json,True,ready_for_stage4,success
torch.windows.general_hamming,json2init/results/torch/torch.windows.general_hamming.init.json,True,ready_for_stage4,success
torch.windows.hamming,json2init/results/torch/torch.windows.hamming.init.json,True,ready_for_stage4,success
torch.windows.hann,json2init/results/torch/torch.windows.hann.init.json,True,ready_for_stage4,success
torch.windows.kaiser,json2init/results/torch/torch.windows.kaiser.init.json,True,ready_for_stage4,success
torch.windows.nuttall,json2init/results/torch/torch.windows.nuttall.init.json,True,ready_for_stage4,success
torch.windows.windows.bartlett,json2init/results/torch/torch.windows.windows.bartlett.init.json,True,ready_for_stage4,success
torch.windows.windows.blackman,json2init/results/torch/torch.windows.windows.blackman.init.json,True,ready_for_stage4,success
torch.windows.windows.cosine,json2init/results/torch/torch.windows.windows.cosine.init.json,True,ready_for_stage4,success
torch.windows.windows.exponential,json2init/results/torch/torch.windows.windows.exponential.init.json,True,ready_for_stage4,success
torch.windows.windows.gaussian,json2init/results/torch/torch.windows.windows.gaussian.init.json,True,ready_for_stage4,success
torch.windows.windows.general_hamming,json2init/results/torch/torch.windows.windows.general_hamming.init.json,True,ready_for_stage4,success
torch.windows.windows.hamming,json2init/results/torch/torch.windows.windows.hamming.init.json,True,ready_for_stage4,success
torch.windows.windows.hann,json2init/results/torch/torch.windows.windows.hann.init.json,True,ready_for_stage4,success
torch.windows.windows.kaiser,json2init/results/torch/torch.windows.windows.kaiser.init.json,True,ready_for_stage4,success
torch.windows.windows.nuttall,json2init/results/torch/torch.windows.windows.nuttall.init.json,True,ready_for_stage4,success
torch.xpu.max_memory_allocated,json2init/results/torch/torch.xpu.max_memory_allocated.init.json,True,ready_for_stage4,success
torch.xpu.max_memory_reserved,json2init/results/torch/torch.xpu.max_memory_reserved.init.json,True,ready_for_stage4,success
torch.xpu.memory.max_memory_allocated,json2init/results/torch/torch.xpu.memory.max_memory_allocated.init.json,True,ready_for_stage4,success
torch.xpu.memory.max_memory_reserved,json2init/results/torch/torch.xpu.memory.max_memory_reserved.init.json,True,ready_for_stage4,success
torch.xpu.memory.memory_allocated,json2init/results/torch/torch.xpu.memory.memory_allocated.init.json,True,ready_for_stage4,success
torch.xpu.memory.memory_reserved,json2init/results/torch/torch.xpu.memory.memory_reserved.init.json,True,ready_for_stage4,success
torch.xpu.memory.memory_snapshot,json2init/results/torch/torch.xpu.memory.memory_snapshot.init.json,True,ready_for_stage4,success
torch.xpu.memory.memory_stats,json2init/results/torch/torch.xpu.memory.memory_stats.init.json,True,ready_for_stage4,success
torch.xpu.memory_allocated,json2init/results/torch/torch.xpu.memory_allocated.init.json,True,ready_for_stage4,success
torch.xpu.memory_reserved,json2init/results/torch/torch.xpu.memory_reserved.init.json,True,ready_for_stage4,success
torch.xpu.memory_snapshot,json2init/results/torch/torch.xpu.memory_snapshot.init.json,True,ready_for_stage4,success
torch.xpu.memory_stats,json2init/results/torch/torch.xpu.memory_stats.init.json,True,ready_for_stage4,success
