api_full_name,stage3_status,smoke_classification,reason,init_json_path,source_spec_json_path
torch.as_tensor,retry,spec_or_seed_error,"smoke test failed: as_tensor() missing 1 required positional arguments: ""data""",json2init/results/torch/torch.as_tensor.init.json,info2json/results/torch/torch.as_tensor.json
torch.avg_pool1d,retry,spec_or_seed_error,"smoke test failed: avg_pool1d(): argument 'kernel_size' must be tuple of ints, not float",json2init/results/torch/torch.avg_pool1d.init.json,info2json/results/torch/torch.avg_pool1d.json
torch.bitwise_left_shift,retry,spec_or_seed_error,"smoke test failed: bitwise_left_shift() received an invalid combination of arguments - got (other=float, input=float, ), but expected one of:
 * (Tensor input, Tensor other, *, Tensor out = None)
 * (Number self, Tensor other)
      didn't match because some of the keywords were incorrect: input
 * (Tensor input, Number other, *, Tensor out = None)
",json2init/results/torch/torch.bitwise_left_shift.init.json,info2json/results/torch/torch.bitwise_left_shift.json
torch.bitwise_right_shift,retry,spec_or_seed_error,"smoke test failed: bitwise_right_shift() received an invalid combination of arguments - got (other=float, input=float, ), but expected one of:
 * (Tensor input, Tensor other, *, Tensor out = None)
 * (Number self, Tensor other)
      didn't match because some of the keywords were incorrect: input
 * (Tensor input, Number other, *, Tensor out = None)
",json2init/results/torch/torch.bitwise_right_shift.init.json,info2json/results/torch/torch.bitwise_right_shift.json
torch.broadcast_to,retry,spec_or_seed_error,"smoke test failed: broadcast_to() missing 1 required positional arguments: ""size""",json2init/results/torch/torch.broadcast_to.init.json,info2json/results/torch/torch.broadcast_to.json
torch.cat,retry,spec_or_seed_error,"smoke test failed: cat() received an invalid combination of arguments - got (), but expected one of:
 * (tuple of Tensors tensors, int dim = 0, *, Tensor out = None)
 * (tuple of Tensors tensors, name dim, *, Tensor out = None)
",json2init/results/torch/torch.cat.init.json,info2json/results/torch/torch.cat.json
torch.cholesky_inverse,retry,spec_or_seed_error,"smoke test failed: cholesky_inverse() missing 1 required positional arguments: ""input""",json2init/results/torch/torch.cholesky_inverse.init.json,info2json/results/torch/torch.cholesky_inverse.json
torch.cholesky_solve,retry,spec_or_seed_error,"smoke test failed: cholesky_solve() missing 2 required positional argument: ""input"", ""input2""",json2init/results/torch/torch.cholesky_solve.init.json,info2json/results/torch/torch.cholesky_solve.json
torch.column_stack,retry,spec_or_seed_error,"smoke test failed: column_stack() missing 1 required positional arguments: ""tensors""",json2init/results/torch/torch.column_stack.init.json,info2json/results/torch/torch.column_stack.json
torch.complex,retry,spec_or_seed_error,"smoke test failed: complex(): argument 'real' must be Tensor, not float",json2init/results/torch/torch.complex.init.json,info2json/results/torch/torch.complex.json
torch.conv1d,retry,,required param 'weight' unresolved: unhandled chosen type: filters of shape :math:`(\text{out\_channels},json2init/results/torch/torch.conv1d.init.json,info2json/results/torch/torch.conv1d.json
torch.conv2d,retry,,required param 'weight' unresolved: unhandled chosen type: filters of shape :math:`(\text{out\_channels},json2init/results/torch/torch.conv2d.init.json,info2json/results/torch/torch.conv2d.json
torch.conv3d,retry,,required param 'weight' unresolved: unhandled chosen type: filters of shape :math:`(\text{out\_channels},json2init/results/torch/torch.conv3d.init.json,info2json/results/torch/torch.conv3d.json
torch.conv_transpose1d,retry,,required param 'weight' unresolved: unhandled chosen type: filters of shape :math:`(\text{in\_channels},json2init/results/torch/torch.conv_transpose1d.init.json,info2json/results/torch/torch.conv_transpose1d.json
torch.conv_transpose2d,retry,,required param 'weight' unresolved: unhandled chosen type: filters of shape :math:`(\text{in\_channels},json2init/results/torch/torch.conv_transpose2d.init.json,info2json/results/torch/torch.conv_transpose2d.json
torch.conv_transpose3d,retry,,required param 'weight' unresolved: unhandled chosen type: filters of shape :math:`(\text{in\_channels},json2init/results/torch/torch.conv_transpose3d.init.json,info2json/results/torch/torch.conv_transpose3d.json
torch.corrcoef,retry,spec_or_seed_error,"smoke test failed: corrcoef(): argument 'input' must be Tensor, not float",json2init/results/torch/torch.corrcoef.init.json,info2json/results/torch/torch.corrcoef.json
torch.cov,retry,spec_or_seed_error,"smoke test failed: cov(): argument 'input' must be Tensor, not float",json2init/results/torch/torch.cov.init.json,info2json/results/torch/torch.cov.json
torch.dot,retry,spec_or_seed_error,"smoke test failed: dot() missing 1 required positional arguments: ""tensor""",json2init/results/torch/torch.dot.init.json,info2json/results/torch/torch.dot.json
torch.dsplit,retry,spec_or_seed_error,"smoke test failed: dsplit() received an invalid combination of arguments - got (input=Tensor, ), but expected one of:
 * (Tensor input, int sections)
 * (Tensor input, tuple of ints indices)
",json2init/results/torch/torch.dsplit.init.json,info2json/results/torch/torch.dsplit.json
torch.dstack,retry,spec_or_seed_error,"smoke test failed: dstack() missing 1 required positional arguments: ""tensors""",json2init/results/torch/torch.dstack.init.json,info2json/results/torch/torch.dstack.json
torch.empty,retry,spec_or_seed_error,"smoke test failed: empty(): argument 'size' must be tuple of ints, not int",json2init/results/torch/torch.empty.init.json,info2json/results/torch/torch.empty.json
torch.empty_permuted,retry,spec_or_seed_error,"smoke test failed: empty_permuted(): argument 'size' must be tuple of ints, not int",json2init/results/torch/torch.empty_permuted.init.json,info2json/results/torch/torch.empty_permuted.json
torch.empty_strided,retry,spec_or_seed_error,"smoke test failed: empty_strided(): argument 'size' must be tuple of ints, not int",json2init/results/torch/torch.empty_strided.init.json,info2json/results/torch/torch.empty_strided.json
torch.fft.hfft,retry,spec_or_seed_error,"smoke test failed: fft_hfft(): argument 'input' must be Tensor, not float",json2init/results/torch/torch.fft.hfft.init.json,info2json/results/torch/torch.fft.hfft.json
torch.fft.irfft,retry,spec_or_seed_error,"smoke test failed: fft_irfft(): argument 'input' must be Tensor, not float",json2init/results/torch/torch.fft.irfft.init.json,info2json/results/torch/torch.fft.irfft.json
torch.fft.rfft,retry,spec_or_seed_error,"smoke test failed: fft_rfft(): argument 'input' must be Tensor, not float",json2init/results/torch/torch.fft.rfft.init.json,info2json/results/torch/torch.fft.rfft.json
torch.flip,retry,spec_or_seed_error,"smoke test failed: flip() missing 1 required positional arguments: ""dims""",json2init/results/torch/torch.flip.init.json,info2json/results/torch/torch.flip.json
torch.float_power,retry,spec_or_seed_error,"smoke test failed: float_power() received an invalid combination of arguments - got (exponent=float, input=float, ), but expected one of:
 * (Tensor input, Tensor exponent, *, Tensor out = None)
 * (Number self, Tensor exponent, *, Tensor out = None)
 * (Tensor input, Number exponent, *, Tensor out = None)
",json2init/results/torch/torch.float_power.init.json,info2json/results/torch/torch.float_power.json
torch.full,retry,spec_or_seed_error,"smoke test failed: full(): argument 'size' must be tuple of ints, not int",json2init/results/torch/torch.full.init.json,info2json/results/torch/torch.full.json
torch.functional.F.np.all,retry,spec_or_seed_error,"smoke test failed: all() received an invalid combination of arguments - got (out=NoneType, axis=NoneType, ), but expected one of:
 * ()
 * (tuple of ints dim = None, bool keepdim = False)
      didn't match because some of the keywords were incorrect: out, axis
 * (int dim, bool keepdim = False)
      didn't match because some of the keywords were incorrect: out, axis
 * (name dim, bool keepdim = False)
      didn't match because some of the keywords were incorrect: out, axis
",json2init/results/torch/torch.functional.F.np.all.init.json,info2json/results/torch/torch.functional.F.np.all.json
torch.functional.F.np.any,retry,,required param 'See' unresolved: unhandled chosen type: ref:`ufuncs-output-type` for more details.,json2init/results/torch/torch.functional.F.np.any.init.json,info2json/results/torch/torch.functional.F.np.any.json
torch.functional.F.np.array2string,retry,spec_or_seed_error,smoke test failed: '>' not supported between instances of 'builtin_function_or_method' and 'int',json2init/results/torch/torch.functional.F.np.array2string.init.json,info2json/results/torch/torch.functional.F.np.array2string.json
torch.functional.F.np.array_repr,retry,spec_or_seed_error,smoke test failed: '>' not supported between instances of 'builtin_function_or_method' and 'int',json2init/results/torch/torch.functional.F.np.array_repr.init.json,info2json/results/torch/torch.functional.F.np.array_repr.json
torch.functional.F.np.astype,retry,spec_or_seed_error,smoke test failed: astype() got some positional-only arguments passed as keyword arguments: 'x',json2init/results/torch/torch.functional.F.np.astype.init.json,info2json/results/torch/torch.functional.F.np.astype.json
torch.functional.F.np.bincount,retry,spec_or_seed_error,smoke test failed: bincount() got an unexpected keyword argument 'x',json2init/results/torch/torch.functional.F.np.bincount.init.json,info2json/results/torch/torch.functional.F.np.bincount.json
torch.functional.F.np.busday_count,retry,,required param 'are' unresolved: unhandled chosen type: mon tue wed thu fri sat sun,json2init/results/torch/torch.functional.F.np.busday_count.init.json,info2json/results/torch/torch.functional.F.np.busday_count.json
torch.functional.F.np.busday_offset,retry,,required param 'are' unresolved: unhandled chosen type: mon tue wed thu fri sat sun,json2init/results/torch/torch.functional.F.np.busday_offset.init.json,info2json/results/torch/torch.functional.F.np.busday_offset.json
torch.functional.F.np.can_cast,retry,spec_or_seed_error,smoke test failed: can_cast() missing 1 required positional argument: 'from_',json2init/results/torch/torch.functional.F.np.can_cast.init.json,info2json/results/torch/torch.functional.F.np.can_cast.json
torch.functional.F.np.char.capitalize,retry,spec_or_seed_error,smoke test failed: string operation on non-string array,json2init/results/torch/torch.functional.F.np.char.capitalize.init.json,info2json/results/torch/torch.functional.F.np.char.capitalize.json
torch.functional.F.np.char.lower,retry,spec_or_seed_error,smoke test failed: string operation on non-string array,json2init/results/torch/torch.functional.F.np.char.lower.init.json,info2json/results/torch/torch.functional.F.np.char.lower.json
torch.functional.F.np.char.swapcase,retry,spec_or_seed_error,smoke test failed: swapcase() missing 1 required positional argument: 'a',json2init/results/torch/torch.functional.F.np.char.swapcase.init.json,info2json/results/torch/torch.functional.F.np.char.swapcase.json
torch.functional.F.np.char.title,retry,spec_or_seed_error,smoke test failed: title() missing 1 required positional argument: 'a',json2init/results/torch/torch.functional.F.np.char.title.init.json,info2json/results/torch/torch.functional.F.np.char.title.json
torch.functional.F.np.char.upper,retry,spec_or_seed_error,smoke test failed: string operation on non-string array,json2init/results/torch/torch.functional.F.np.char.upper.init.json,info2json/results/torch/torch.functional.F.np.char.upper.json
torch.functional.F.np.choose,retry,spec_or_seed_error,smoke test failed: Tensor is not a sequence,json2init/results/torch/torch.functional.F.np.choose.init.json,info2json/results/torch/torch.functional.F.np.choose.json
torch.functional.F.np.datetime_as_string,retry,spec_or_seed_error,smoke test failed: input must have type NumPy datetime,json2init/results/torch/torch.functional.F.np.datetime_as_string.init.json,info2json/results/torch/torch.functional.F.np.datetime_as_string.json
torch.functional.F.np.diagflat,retry,,required param 'v' unresolved: unhandled chosen type: array_like input data,json2init/results/torch/torch.functional.F.np.diagflat.init.json,info2json/results/torch/torch.functional.F.np.diagflat.json
torch.functional.F.np.dtype.newbyteorder,retry,spec_or_seed_error,smoke test failed: unbound method dtype.newbyteorder() needs an argument,json2init/results/torch/torch.functional.F.np.dtype.newbyteorder.init.json,info2json/results/torch/torch.functional.F.np.dtype.newbyteorder.json
torch.functional.F.np.einsum_path,retry,spec_or_seed_error,smoke test failed: einsum_path() got an unexpected keyword argument 'subscripts',json2init/results/torch/torch.functional.F.np.einsum_path.init.json,info2json/results/torch/torch.functional.F.np.einsum_path.json
torch.functional.F.np.expand_dims,retry,spec_or_seed_error,smoke test failed: expand_dims() missing 1 required positional argument: 'axis',json2init/results/torch/torch.functional.F.np.expand_dims.init.json,info2json/results/torch/torch.functional.F.np.expand_dims.json
torch.functional.F.np.is_busday,retry,,required param 'are' unresolved: unhandled chosen type: mon tue wed thu fri sat sun,json2init/results/torch/torch.functional.F.np.is_busday.init.json,info2json/results/torch/torch.functional.F.np.is_busday.json
torch.functional.F.np.isdtype,retry,spec_or_seed_error,smoke test failed: isdtype() missing 2 required positional arguments: 'dtype' and 'kind',json2init/results/torch/torch.functional.F.np.isdtype.init.json,info2json/results/torch/torch.functional.F.np.isdtype.json
torch.functional.F.np.isnan,retry,spec_or_seed_error,smoke test failed: isnan() takes from 1 to 2 positional arguments but 0 were given,json2init/results/torch/torch.functional.F.np.isnan.init.json,info2json/results/torch/torch.functional.F.np.isnan.json
torch.functional.F.np.isnat,retry,spec_or_seed_error,smoke test failed: isnat() takes from 1 to 2 positional arguments but 0 were given,json2init/results/torch/torch.functional.F.np.isnat.init.json,info2json/results/torch/torch.functional.F.np.isnat.json
torch.functional.F.np.lexsort,retry,spec_or_seed_error,smoke test failed: need sequence of keys with len > 0 in lexsort,json2init/results/torch/torch.functional.F.np.lexsort.init.json,info2json/results/torch/torch.functional.F.np.lexsort.json
torch.functional.F.np.linalg.cross,retry,spec_or_seed_error,"smoke test failed: cross() got some positional-only arguments passed as keyword arguments: 'x1, x2'",json2init/results/torch/torch.functional.F.np.linalg.cross.init.json,info2json/results/torch/torch.functional.F.np.linalg.cross.json
torch.functional.F.np.linalg.diagonal,retry,,required param 'where' unresolved: unhandled chosen type: :,json2init/results/torch/torch.functional.F.np.linalg.diagonal.init.json,info2json/results/torch/torch.functional.F.np.linalg.diagonal.json
torch.functional.F.np.linalg.matmul,retry,spec_or_seed_error,"smoke test failed: matmul() got some positional-only arguments passed as keyword arguments: 'x1, x2'",json2init/results/torch/torch.functional.F.np.linalg.matmul.init.json,info2json/results/torch/torch.functional.F.np.linalg.matmul.json
torch.functional.F.np.linalg.matrix_transpose,retry,spec_or_seed_error,smoke test failed: matrix_transpose() got some positional-only arguments passed as keyword arguments: 'x',json2init/results/torch/torch.functional.F.np.linalg.matrix_transpose.init.json,info2json/results/torch/torch.functional.F.np.linalg.matrix_transpose.json
torch.functional.F.np.linalg.outer,retry,spec_or_seed_error,"smoke test failed: outer() got some positional-only arguments passed as keyword arguments: 'x1, x2'",json2init/results/torch/torch.functional.F.np.linalg.outer.init.json,info2json/results/torch/torch.functional.F.np.linalg.outer.json
torch.functional.F.np.linalg.svdvals,retry,spec_or_seed_error,smoke test failed: svdvals() got some positional-only arguments passed as keyword arguments: 'x',json2init/results/torch/torch.functional.F.np.linalg.svdvals.init.json,info2json/results/torch/torch.functional.F.np.linalg.svdvals.json
torch.functional.F.np.linalg.vecdot,retry,spec_or_seed_error,"smoke test failed: vecdot() got some positional-only arguments passed as keyword arguments: 'x1, x2'",json2init/results/torch/torch.functional.F.np.linalg.vecdot.init.json,info2json/results/torch/torch.functional.F.np.linalg.vecdot.json
torch.functional.F.np.ma.choose,retry,spec_or_seed_error,smoke test failed: Cannot cast scalar from dtype('float64') to dtype('int64') according to the rule 'safe',json2init/results/torch/torch.functional.F.np.ma.choose.init.json,info2json/results/torch/torch.functional.F.np.ma.choose.json
torch.functional.F.np.ma.clip,retry,spec_or_seed_error,"smoke test failed: view() received an invalid combination of arguments - got (type), but expected one of:
 * (torch.dtype dtype)
      didn't match because some of the arguments have invalid types: ([31;1mtype[0m)
 * (tuple of ints size)
      didn't match because some of the arguments have invalid types: ([31;1mtype[0m)
",json2init/results/torch/torch.functional.F.np.ma.clip.init.json,info2json/results/torch/torch.functional.F.np.ma.clip.json
torch.functional.F.np.ma.column_stack,retry,spec_or_seed_error,smoke test failed: _fromnxfunction_seq.__call__() missing 1 required positional argument: 'x',json2init/results/torch/torch.functional.F.np.ma.column_stack.init.json,info2json/results/torch/torch.functional.F.np.ma.column_stack.json
torch.functional.F.np.ma.concatenate,retry,spec_or_seed_error,smoke test failed: concatenate() missing 1 required positional argument: 'arrays',json2init/results/torch/torch.functional.F.np.ma.concatenate.init.json,info2json/results/torch/torch.functional.F.np.ma.concatenate.json
torch.functional.F.np.ma.count_masked,retry,spec_or_seed_error,smoke test failed: Cannot interpret 'torch.float32' as a data type,json2init/results/torch/torch.functional.F.np.ma.count_masked.init.json,info2json/results/torch/torch.functional.F.np.ma.count_masked.json
torch.functional.F.np.ma.default_fill_value,retry,spec_or_seed_error,smoke test failed: default_fill_value() missing 1 required positional argument: 'obj',json2init/results/torch/torch.functional.F.np.ma.default_fill_value.init.json,info2json/results/torch/torch.functional.F.np.ma.default_fill_value.json
torch.functional.F.np.ma.diagflat,retry,,required param 'v' unresolved: unhandled chosen type: array_like input data,json2init/results/torch/torch.functional.F.np.ma.diagflat.init.json,info2json/results/torch/torch.functional.F.np.ma.diagflat.json
torch.functional.F.np.ma.diff,retry,spec_or_seed_error,smoke test failed: diff() got some positional-only arguments passed as keyword arguments: 'a',json2init/results/torch/torch.functional.F.np.ma.diff.init.json,info2json/results/torch/torch.functional.F.np.ma.diff.json
torch.functional.F.np.ma.dstack,retry,spec_or_seed_error,smoke test failed: _fromnxfunction_seq.__call__() missing 1 required positional argument: 'x',json2init/results/torch/torch.functional.F.np.ma.dstack.init.json,info2json/results/torch/torch.functional.F.np.ma.dstack.json
torch.functional.F.np.ma.expand_dims,retry,spec_or_seed_error,smoke test failed: expand_dims() missing 1 required positional argument: 'axis',json2init/results/torch/torch.functional.F.np.ma.expand_dims.init.json,info2json/results/torch/torch.functional.F.np.ma.expand_dims.json
torch.functional.F.np.ma.hstack,retry,spec_or_seed_error,smoke test failed: _fromnxfunction_seq.__call__() missing 1 required positional argument: 'x',json2init/results/torch/torch.functional.F.np.ma.hstack.init.json,info2json/results/torch/torch.functional.F.np.ma.hstack.json
torch.functional.F.np.ma.maximum_fill_value,retry,spec_or_seed_error,smoke test failed: maximum_fill_value() missing 1 required positional argument: 'obj',json2init/results/torch/torch.functional.F.np.ma.maximum_fill_value.init.json,info2json/results/torch/torch.functional.F.np.ma.maximum_fill_value.json
torch.functional.F.np.ma.row_stack,retry,spec_or_seed_error,smoke test failed: _fromnxfunction_seq.__call__() missing 1 required positional argument: 'x',json2init/results/torch/torch.functional.F.np.ma.row_stack.init.json,info2json/results/torch/torch.functional.F.np.ma.row_stack.json
torch.functional.F.np.ma.stack,retry,spec_or_seed_error,smoke test failed: _fromnxfunction_seq.__call__() missing 1 required positional argument: 'x',json2init/results/torch/torch.functional.F.np.ma.stack.init.json,info2json/results/torch/torch.functional.F.np.ma.stack.json
torch.functional.F.np.ma.vstack,retry,spec_or_seed_error,smoke test failed: _fromnxfunction_seq.__call__() missing 1 required positional argument: 'x',json2init/results/torch/torch.functional.F.np.ma.vstack.init.json,info2json/results/torch/torch.functional.F.np.ma.vstack.json
torch.functional.F.np.matrix_transpose,retry,spec_or_seed_error,smoke test failed: matrix_transpose() got some positional-only arguments passed as keyword arguments: 'x',json2init/results/torch/torch.functional.F.np.matrix_transpose.init.json,info2json/results/torch/torch.functional.F.np.matrix_transpose.json
torch.functional.F.np.memmap.astype,retry,spec_or_seed_error,smoke test failed: unbound method ndarray.astype() needs an argument,json2init/results/torch/torch.functional.F.np.memmap.astype.init.json,info2json/results/torch/torch.functional.F.np.memmap.astype.json
torch.functional.F.np.memmap.transpose,retry,spec_or_seed_error,smoke test failed: unbound method ndarray.transpose() needs an argument,json2init/results/torch/torch.functional.F.np.memmap.transpose.init.json,info2json/results/torch/torch.functional.F.np.memmap.transpose.json
torch.functional.F.np.min_scalar_type,retry,spec_or_seed_error,smoke test failed: min_scalar_type() takes no keyword arguments,json2init/results/torch/torch.functional.F.np.min_scalar_type.init.json,info2json/results/torch/torch.functional.F.np.min_scalar_type.json
torch.functional.F.np.moveaxis,retry,spec_or_seed_error,smoke test failed: moveaxis() missing 2 required positional arguments: 'source' and 'destination',json2init/results/torch/torch.functional.F.np.moveaxis.init.json,info2json/results/torch/torch.functional.F.np.moveaxis.json
torch.functional.F.np.packbits,retry,spec_or_seed_error,smoke test failed: pack() missing required argument 'in' (pos 1),json2init/results/torch/torch.functional.F.np.packbits.init.json,info2json/results/torch/torch.functional.F.np.packbits.json
torch.functional.F.np.pad,retry,spec_or_seed_error,smoke test failed: pad() missing 2 required positional arguments: 'array' and 'pad_width',json2init/results/torch/torch.functional.F.np.pad.init.json,info2json/results/torch/torch.functional.F.np.pad.json
torch.functional.F.np.poly,retry,spec_or_seed_error,smoke test failed: poly() missing 1 required positional argument: 'seq_of_zeros',json2init/results/torch/torch.functional.F.np.poly.init.json,info2json/results/torch/torch.functional.F.np.poly.json
torch.functional.F.np.promote_types,retry,spec_or_seed_error,smoke test failed: numpy.promote_types() takes no keyword arguments,json2init/results/torch/torch.functional.F.np.promote_types.init.json,info2json/results/torch/torch.functional.F.np.promote_types.json
torch.functional.F.np.ravel_multi_index,retry,spec_or_seed_error,smoke test failed: dispatcher for __array_function__ did not return an iterable,json2init/results/torch/torch.functional.F.np.ravel_multi_index.init.json,info2json/results/torch/torch.functional.F.np.ravel_multi_index.json
torch.functional.F.np.recarray.astype,retry,spec_or_seed_error,smoke test failed: unbound method ndarray.astype() needs an argument,json2init/results/torch/torch.functional.F.np.recarray.astype.init.json,info2json/results/torch/torch.functional.F.np.recarray.astype.json
torch.functional.F.np.recarray.transpose,retry,spec_or_seed_error,smoke test failed: unbound method ndarray.transpose() needs an argument,json2init/results/torch/torch.functional.F.np.recarray.transpose.init.json,info2json/results/torch/torch.functional.F.np.recarray.transpose.json
torch.functional.F.np.result_type,retry,spec_or_seed_error,smoke test failed: result_type() got an unexpected keyword argument 'arrays_and_dtypes',json2init/results/torch/torch.functional.F.np.result_type.init.json,info2json/results/torch/torch.functional.F.np.result_type.json
torch.functional.F.np.row_stack,retry,spec_or_seed_error,smoke test failed: row_stack() missing 1 required positional argument: 'tup',json2init/results/torch/torch.functional.F.np.row_stack.init.json,info2json/results/torch/torch.functional.F.np.row_stack.json
torch.functional.F.np.select,retry,spec_or_seed_error,smoke test failed: 'bool' object is not iterable,json2init/results/torch/torch.functional.F.np.select.init.json,info2json/results/torch/torch.functional.F.np.select.json
torch.functional.F.np.setbufsize,retry,spec_or_seed_error,smoke test failed: setbufsize() missing 1 required positional argument: 'size',json2init/results/torch/torch.functional.F.np.setbufsize.init.json,info2json/results/torch/torch.functional.F.np.setbufsize.json
torch.functional.F.np.strings.capitalize,retry,spec_or_seed_error,smoke test failed: string operation on non-string array,json2init/results/torch/torch.functional.F.np.strings.capitalize.init.json,info2json/results/torch/torch.functional.F.np.strings.capitalize.json
torch.functional.F.np.strings.lower,retry,spec_or_seed_error,smoke test failed: string operation on non-string array,json2init/results/torch/torch.functional.F.np.strings.lower.init.json,info2json/results/torch/torch.functional.F.np.strings.lower.json
torch.functional.F.np.strings.swapcase,retry,spec_or_seed_error,smoke test failed: swapcase() missing 1 required positional argument: 'a',json2init/results/torch/torch.functional.F.np.strings.swapcase.init.json,info2json/results/torch/torch.functional.F.np.strings.swapcase.json
torch.functional.F.np.strings.title,retry,spec_or_seed_error,smoke test failed: string operation on non-string array,json2init/results/torch/torch.functional.F.np.strings.title.init.json,info2json/results/torch/torch.functional.F.np.strings.title.json
torch.functional.F.np.strings.upper,retry,spec_or_seed_error,smoke test failed: string operation on non-string array,json2init/results/torch/torch.functional.F.np.strings.upper.init.json,info2json/results/torch/torch.functional.F.np.strings.upper.json
torch.functional.F.np.take_along_axis,retry,spec_or_seed_error,smoke test failed: take_along_axis() missing 1 required positional argument: 'axis',json2init/results/torch/torch.functional.F.np.take_along_axis.init.json,info2json/results/torch/torch.functional.F.np.take_along_axis.json
torch.functional.F.np.tile,retry,spec_or_seed_error,smoke test failed: 'float' object cannot be interpreted as an integer,json2init/results/torch/torch.functional.F.np.tile.init.json,info2json/results/torch/torch.functional.F.np.tile.json
torch.functional.F.np.ufunc.outer,retry,spec_or_seed_error,smoke test failed: unbound method ufunc.outer() needs an argument,json2init/results/torch/torch.functional.F.np.ufunc.outer.init.json,info2json/results/torch/torch.functional.F.np.ufunc.outer.json
torch.functional.F.np.ufunc.resolve_dtypes,retry,spec_or_seed_error,smoke test failed: unbound method ufunc.resolve_dtypes() needs an argument,json2init/results/torch/torch.functional.F.np.ufunc.resolve_dtypes.init.json,info2json/results/torch/torch.functional.F.np.ufunc.resolve_dtypes.json
torch.functional.F.np.unique_all,retry,spec_or_seed_error,smoke test failed: unique_all() got some positional-only arguments passed as keyword arguments: 'x',json2init/results/torch/torch.functional.F.np.unique_all.init.json,info2json/results/torch/torch.functional.F.np.unique_all.json
torch.functional.F.np.unique_counts,retry,spec_or_seed_error,smoke test failed: unique_counts() got some positional-only arguments passed as keyword arguments: 'x',json2init/results/torch/torch.functional.F.np.unique_counts.init.json,info2json/results/torch/torch.functional.F.np.unique_counts.json
torch.functional.F.np.unique_inverse,retry,spec_or_seed_error,smoke test failed: unique_inverse() got some positional-only arguments passed as keyword arguments: 'x',json2init/results/torch/torch.functional.F.np.unique_inverse.init.json,info2json/results/torch/torch.functional.F.np.unique_inverse.json
torch.functional.F.np.unique_values,retry,spec_or_seed_error,smoke test failed: unique_values() got some positional-only arguments passed as keyword arguments: 'x',json2init/results/torch/torch.functional.F.np.unique_values.init.json,info2json/results/torch/torch.functional.F.np.unique_values.json
torch.functional.F.np.unpackbits,retry,spec_or_seed_error,smoke test failed: unpack() missing required argument 'in' (pos 1),json2init/results/torch/torch.functional.F.np.unpackbits.init.json,info2json/results/torch/torch.functional.F.np.unpackbits.json
torch.functional.F.np.unstack,retry,spec_or_seed_error,smoke test failed: unstack() got some positional-only arguments passed as keyword arguments: 'x',json2init/results/torch/torch.functional.F.np.unstack.init.json,info2json/results/torch/torch.functional.F.np.unstack.json
torch.functional.F.np.where,retry,spec_or_seed_error,smoke test failed: numpy._core._multiarray_umath.where() takes no keyword arguments,json2init/results/torch/torch.functional.F.np.where.init.json,info2json/results/torch/torch.functional.F.np.where.json
torch.functional.stft,retry,spec_or_seed_error,smoke test failed: stft() missing 1 required positional argument: 'input',json2init/results/torch/torch.functional.stft.init.json,info2json/results/torch/torch.functional.stft.json
torch.futures.collect_all,retry,,required param 'futures' unresolved: unsupported base seed type: future,json2init/results/torch/torch.futures.collect_all.init.json,info2json/results/torch/torch.futures.collect_all.json
torch.fx.experimental.symbolic_shapes.free_symbols,retry,spec_or_seed_error,smoke test failed: free_symbols() missing 1 required positional argument: 'val',json2init/results/torch/torch.fx.experimental.symbolic_shapes.free_symbols.init.json,info2json/results/torch/torch.fx.experimental.symbolic_shapes.free_symbols.json
torch.fx.experimental.symbolic_shapes.guard_scalar,retry,spec_or_seed_error,smoke test failed: guard_scalar() missing 1 required positional argument: 'a',json2init/results/torch/torch.fx.experimental.symbolic_shapes.guard_scalar.init.json,info2json/results/torch/torch.fx.experimental.symbolic_shapes.guard_scalar.json
torch.fx.experimental.symbolic_shapes.sympy.cse,retry,,required param 'postprocess' unresolved: unsupported base seed type: callable,json2init/results/torch/torch.fx.experimental.symbolic_shapes.sympy.cse.init.json,info2json/results/torch/torch.fx.experimental.symbolic_shapes.sympy.cse.json
torch.fx.experimental.symbolic_shapes.sympy.intersection,retry,,required param 'pairwise' unresolved: unhandled chosen type: keyword argument,json2init/results/torch/torch.fx.experimental.symbolic_shapes.sympy.intersection.init.json,info2json/results/torch/torch.fx.experimental.symbolic_shapes.sympy.intersection.json
torch.hamming_window,retry,,required param 'window_length' unresolved: unsupported base seed type: callable,json2init/results/torch/torch.hamming_window.init.json,info2json/results/torch/torch.hamming_window.json
torch.histogramdd,retry,spec_or_seed_error,"smoke test failed: histogramdd() received an invalid combination of arguments - got (bins=int, range=float, input=Tensor, ), but expected one of:
 * (Tensor input, int bins, tuple of floats range = None, Tensor weight = None, bool density = False)
 * (Tensor input, tuple of ints bins, tuple of floats range = None, Tensor weight = None, bool density = False)
 * (Tensor input, tuple of Tensors bins, tuple of floats range = None, Tensor weight = None, bool density = False)
",json2init/results/torch/torch.histogramdd.init.json,info2json/results/torch/torch.histogramdd.json
torch.hsplit,retry,spec_or_seed_error,"smoke test failed: hsplit() received an invalid combination of arguments - got (indices_or_sections=int, input=Tensor, ), but expected one of:
 * (Tensor input, int sections)
      didn't match because some of the keywords were incorrect: indices_or_sections
 * (Tensor input, tuple of ints indices)
      didn't match because some of the keywords were incorrect: indices_or_sections
",json2init/results/torch/torch.hsplit.init.json,info2json/results/torch/torch.hsplit.json
torch.hstack,retry,spec_or_seed_error,"smoke test failed: hstack() missing 1 required positional arguments: ""tensors""",json2init/results/torch/torch.hstack.init.json,info2json/results/torch/torch.hstack.json
torch.isin,retry,spec_or_seed_error,"smoke test failed: isin() received an invalid combination of arguments - got (test_elements=float, elements=float, ), but expected one of:
 * (Tensor elements, Tensor test_elements, *, bool assume_unique = False, bool invert = False, Tensor out = None)
 * (Number element, Tensor test_elements, *, bool assume_unique = False, bool invert = False, Tensor out = None)
 * (Tensor elements, Number test_element, *, bool assume_unique = False, bool invert = False, Tensor out = None)
",json2init/results/torch/torch.isin.init.json,info2json/results/torch/torch.isin.json
torch.linalg.householder_product,retry,spec_or_seed_error,"smoke test failed: linalg_householder_product() missing 2 required positional argument: ""input"", ""tau""",json2init/results/torch/torch.linalg.householder_product.init.json,info2json/results/torch/torch.linalg.householder_product.json
torch.masked.normalize,retry,spec_or_seed_error,smoke test failed: normalize() missing 1 required positional argument: 'ord',json2init/results/torch/torch.masked.normalize.init.json,info2json/results/torch/torch.masked.normalize.json
torch.nested.narrow,retry,spec_or_seed_error,smoke test failed: narrow() missing 1 required positional argument: 'tensor',json2init/results/torch/torch.nested.narrow.init.json,info2json/results/torch/torch.nested.narrow.json
torch.nn.parallel.comm.broadcast_coalesced,retry,spec_or_seed_error,smoke test failed: broadcast_coalesced() missing 1 required positional argument: 'tensors',json2init/results/torch/torch.nn.parallel.comm.broadcast_coalesced.init.json,info2json/results/torch/torch.nn.parallel.comm.broadcast_coalesced.json
torch.nn.parallel.comm.reduce_add_coalesced,retry,spec_or_seed_error,smoke test failed: iteration over a 0-d tensor,json2init/results/torch/torch.nn.parallel.comm.reduce_add_coalesced.init.json,info2json/results/torch/torch.nn.parallel.comm.reduce_add_coalesced.json
torch.nn.quantized.functional.linear,retry,spec_or_seed_error,smoke test failed: linear() got an unexpected keyword argument 'Shape',json2init/results/torch/torch.nn.quantized.functional.linear.init.json,info2json/results/torch/torch.nn.quantized.functional.linear.json
torch.nn.utils.get_total_norm,retry,spec_or_seed_error,smoke test failed: _get_total_norm() missing 1 required positional argument: 'tensors',json2init/results/torch/torch.nn.utils.get_total_norm.init.json,info2json/results/torch/torch.nn.utils.get_total_norm.json
torch.nn.utils.rnn.invert_permutation,retry,spec_or_seed_error,smoke test failed: invert_permutation() missing 1 required positional argument: 'permutation',json2init/results/torch/torch.nn.utils.rnn.invert_permutation.init.json,info2json/results/torch/torch.nn.utils.rnn.invert_permutation.json
torch.normal,retry,spec_or_seed_error,"smoke test failed: normal() received an invalid combination of arguments - got (std=int, mean=float, ), but expected one of:
 * (Tensor mean, Tensor std, *, torch.Generator generator = None, Tensor out = None)
 * (Tensor mean, float std = 1, *, torch.Generator generator = None, Tensor out = None)
 * (float mean, Tensor std, *, torch.Generator generator = None, Tensor out = None)
 * (float mean, float std, tuple of ints size, *, torch.Generator generator = None, Tensor out = None, torch.dtype dtype = None, torch.layout layout = None, torch.device device = None, bool pin_memory = False, bool requires_grad = False)
",json2init/results/torch/torch.normal.init.json,info2json/results/torch/torch.normal.json
torch.ones,retry,spec_or_seed_error,"smoke test failed: ones(): argument 'size' must be tuple of ints, not int",json2init/results/torch/torch.ones.init.json,info2json/results/torch/torch.ones.json
torch.ormqr,retry,spec_or_seed_error,"smoke test failed: ormqr() missing 2 required positional argument: ""input2"", ""input3""",json2init/results/torch/torch.ormqr.init.json,info2json/results/torch/torch.ormqr.json
torch.permute,retry,spec_or_seed_error,"smoke test failed: permute(): argument 'dims' must be tuple of ints, not int",json2init/results/torch/torch.permute.init.json,info2json/results/torch/torch.permute.json
torch.polar,retry,spec_or_seed_error,"smoke test failed: polar(): argument 'abs' must be Tensor, not float",json2init/results/torch/torch.polar.init.json,info2json/results/torch/torch.polar.json
torch.quantization.default_placeholder_observer.get_buffer,retry,spec_or_seed_error,smoke test failed: Module.get_buffer() missing 1 required positional argument: 'self',json2init/results/torch/torch.quantization.default_placeholder_observer.get_buffer.init.json,info2json/results/torch/torch.quantization.default_placeholder_observer.get_buffer.json
torch.quantize_per_channel,retry,spec_or_seed_error,"smoke test failed: quantize_per_channel(): argument 'input' must be Tensor, not float",json2init/results/torch/torch.quantize_per_channel.init.json,info2json/results/torch/torch.quantize_per_channel.json
torch.quantize_per_tensor,retry,spec_or_seed_error,"smoke test failed: quantize_per_tensor() received an invalid combination of arguments - got (zero_point=int, scale=float, input=float, ), but expected one of:
 * (Tensor input, Tensor scale, Tensor zero_point, torch.dtype dtype)
 * (Tensor input, float scale, int zero_point, torch.dtype dtype)
 * (tuple of Tensors tensors, Tensor scales, Tensor zero_points, torch.dtype dtype)
",json2init/results/torch/torch.quantize_per_tensor.init.json,info2json/results/torch/torch.quantize_per_tensor.json
torch.quantize_per_tensor_dynamic,retry,spec_or_seed_error,"smoke test failed: quantize_per_tensor_dynamic(): argument 'input' must be Tensor, not float",json2init/results/torch/torch.quantize_per_tensor_dynamic.init.json,info2json/results/torch/torch.quantize_per_tensor_dynamic.json
torch.rand,retry,spec_or_seed_error,"smoke test failed: rand(): argument 'size' must be tuple of ints, not int",json2init/results/torch/torch.rand.init.json,info2json/results/torch/torch.rand.json
torch.randn,retry,spec_or_seed_error,"smoke test failed: randn(): argument 'size' must be tuple of ints, not int",json2init/results/torch/torch.randn.init.json,info2json/results/torch/torch.randn.json
torch.remainder,retry,spec_or_seed_error,"smoke test failed: remainder() received an invalid combination of arguments - got (other=float, input=float, ), but expected one of:
 * (Tensor input, Tensor other, *, Tensor out = None)
 * (Number self, Tensor other)
      didn't match because some of the keywords were incorrect: input
 * (Tensor input, Number other, *, Tensor out = None)
",json2init/results/torch/torch.remainder.init.json,info2json/results/torch/torch.remainder.json
torch.reshape,retry,spec_or_seed_error,"smoke test failed: reshape(): argument 'shape' must be tuple of ints, not int",json2init/results/torch/torch.reshape.init.json,info2json/results/torch/torch.reshape.json
torch.result_type,retry,spec_or_seed_error,"smoke test failed: result_type() received an invalid combination of arguments - got (tensor2=float, tensor1=float, ), but expected one of:
 * (Tensor tensor, Tensor other)
      didn't match because some of the keywords were incorrect: tensor2, tensor1
 * (Number scalar, Tensor tensor)
      didn't match because some of the keywords were incorrect: tensor2, tensor1
 * (Tensor tensor, Number other)
      didn't match because some of the keywords were incorrect: tensor2, tensor1
 * (Number scalar1, Number scalar2)
      didn't match because some of the keywords were incorrect: tensor2, tensor1
",json2init/results/torch/torch.result_type.init.json,info2json/results/torch/torch.result_type.json
torch.searchsorted,retry,spec_or_seed_error,"smoke test failed: searchsorted() received an invalid combination of arguments - got (values=float, sorted_sequence=Tensor, ), but expected one of:
 * (Tensor sorted_sequence, Tensor input, *, bool out_int32 = False, bool right = False, str side = None, Tensor sorter = None, Tensor out = None)
 * (Tensor sorted_sequence, Number self, *, bool out_int32 = False, bool right = False, str side = None, Tensor sorter = None, Tensor out = None)
",json2init/results/torch/torch.searchsorted.init.json,info2json/results/torch/torch.searchsorted.json
torch.smm,retry,spec_or_seed_error,"smoke test failed: smm() missing 1 required positional arguments: ""mat2""",json2init/results/torch/torch.smm.init.json,info2json/results/torch/torch.smm.json
torch.special.airy_ai,retry,spec_or_seed_error,"smoke test failed: special_airy_ai() missing 1 required positional arguments: ""x""",json2init/results/torch/torch.special.airy_ai.init.json,info2json/results/torch/torch.special.airy_ai.json
torch.special.chebyshev_polynomial_t,retry,spec_or_seed_error,"smoke test failed: special_chebyshev_polynomial_t() received an invalid combination of arguments - got (n=Tensor, input=Tensor, ), but expected one of:
 * (Tensor x, Tensor n, *, Tensor out = None)
 * (Number x, Tensor n, *, Tensor out = None)
 * (Tensor x, Number n, *, Tensor out = None)
",json2init/results/torch/torch.special.chebyshev_polynomial_t.init.json,info2json/results/torch/torch.special.chebyshev_polynomial_t.json
torch.special.chebyshev_polynomial_u,retry,spec_or_seed_error,"smoke test failed: special_chebyshev_polynomial_u() received an invalid combination of arguments - got (n=Tensor, input=Tensor, ), but expected one of:
 * (Tensor x, Tensor n, *, Tensor out = None)
 * (Number x, Tensor n, *, Tensor out = None)
 * (Tensor x, Number n, *, Tensor out = None)
",json2init/results/torch/torch.special.chebyshev_polynomial_u.init.json,info2json/results/torch/torch.special.chebyshev_polynomial_u.json
torch.special.chebyshev_polynomial_v,retry,spec_or_seed_error,"smoke test failed: special_chebyshev_polynomial_v() received an invalid combination of arguments - got (n=Tensor, input=Tensor, ), but expected one of:
 * (Tensor x, Tensor n, *, Tensor out = None)
 * (Number x, Tensor n, *, Tensor out = None)
 * (Tensor x, Number n, *, Tensor out = None)
",json2init/results/torch/torch.special.chebyshev_polynomial_v.init.json,info2json/results/torch/torch.special.chebyshev_polynomial_v.json
torch.special.chebyshev_polynomial_w,retry,spec_or_seed_error,"smoke test failed: special_chebyshev_polynomial_w() received an invalid combination of arguments - got (n=Tensor, input=Tensor, ), but expected one of:
 * (Tensor x, Tensor n, *, Tensor out = None)
 * (Number x, Tensor n, *, Tensor out = None)
 * (Tensor x, Number n, *, Tensor out = None)
",json2init/results/torch/torch.special.chebyshev_polynomial_w.init.json,info2json/results/torch/torch.special.chebyshev_polynomial_w.json
torch.special.hermite_polynomial_h,retry,spec_or_seed_error,"smoke test failed: special_hermite_polynomial_h() received an invalid combination of arguments - got (n=Tensor, input=Tensor, ), but expected one of:
 * (Tensor x, Tensor n, *, Tensor out = None)
 * (Number x, Tensor n, *, Tensor out = None)
 * (Tensor x, Number n, *, Tensor out = None)
",json2init/results/torch/torch.special.hermite_polynomial_h.init.json,info2json/results/torch/torch.special.hermite_polynomial_h.json
torch.special.hermite_polynomial_he,retry,spec_or_seed_error,"smoke test failed: special_hermite_polynomial_he() received an invalid combination of arguments - got (n=Tensor, input=Tensor, ), but expected one of:
 * (Tensor x, Tensor n, *, Tensor out = None)
 * (Number x, Tensor n, *, Tensor out = None)
 * (Tensor x, Number n, *, Tensor out = None)
",json2init/results/torch/torch.special.hermite_polynomial_he.init.json,info2json/results/torch/torch.special.hermite_polynomial_he.json
torch.special.laguerre_polynomial_l,retry,spec_or_seed_error,"smoke test failed: special_laguerre_polynomial_l() received an invalid combination of arguments - got (n=Tensor, input=Tensor, ), but expected one of:
 * (Tensor x, Tensor n, *, Tensor out = None)
 * (Number x, Tensor n, *, Tensor out = None)
 * (Tensor x, Number n, *, Tensor out = None)
",json2init/results/torch/torch.special.laguerre_polynomial_l.init.json,info2json/results/torch/torch.special.laguerre_polynomial_l.json
torch.special.legendre_polynomial_p,retry,spec_or_seed_error,"smoke test failed: special_legendre_polynomial_p() received an invalid combination of arguments - got (n=Tensor, input=Tensor, ), but expected one of:
 * (Tensor x, Tensor n, *, Tensor out = None)
 * (Number x, Tensor n, *, Tensor out = None)
 * (Tensor x, Number n, *, Tensor out = None)
",json2init/results/torch/torch.special.legendre_polynomial_p.init.json,info2json/results/torch/torch.special.legendre_polynomial_p.json
torch.special.scaled_modified_bessel_k0,retry,spec_or_seed_error,"smoke test failed: special_scaled_modified_bessel_k0() missing 1 required positional arguments: ""x""",json2init/results/torch/torch.special.scaled_modified_bessel_k0.init.json,info2json/results/torch/torch.special.scaled_modified_bessel_k0.json
torch.special.scaled_modified_bessel_k1,retry,spec_or_seed_error,"smoke test failed: special_scaled_modified_bessel_k1() missing 1 required positional arguments: ""x""",json2init/results/torch/torch.special.scaled_modified_bessel_k1.init.json,info2json/results/torch/torch.special.scaled_modified_bessel_k1.json
torch.special.shifted_chebyshev_polynomial_t,retry,spec_or_seed_error,"smoke test failed: special_shifted_chebyshev_polynomial_t() received an invalid combination of arguments - got (n=Tensor, input=Tensor, ), but expected one of:
 * (Tensor x, Tensor n, *, Tensor out = None)
 * (Number x, Tensor n, *, Tensor out = None)
 * (Tensor x, Number n, *, Tensor out = None)
",json2init/results/torch/torch.special.shifted_chebyshev_polynomial_t.init.json,info2json/results/torch/torch.special.shifted_chebyshev_polynomial_t.json
torch.special.shifted_chebyshev_polynomial_u,retry,spec_or_seed_error,"smoke test failed: special_shifted_chebyshev_polynomial_u() received an invalid combination of arguments - got (n=Tensor, input=Tensor, ), but expected one of:
 * (Tensor x, Tensor n, *, Tensor out = None)
 * (Number x, Tensor n, *, Tensor out = None)
 * (Tensor x, Number n, *, Tensor out = None)
",json2init/results/torch/torch.special.shifted_chebyshev_polynomial_u.init.json,info2json/results/torch/torch.special.shifted_chebyshev_polynomial_u.json
torch.special.shifted_chebyshev_polynomial_v,retry,spec_or_seed_error,"smoke test failed: special_shifted_chebyshev_polynomial_v() received an invalid combination of arguments - got (n=Tensor, input=Tensor, ), but expected one of:
 * (Tensor x, Tensor n, *, Tensor out = None)
 * (Number x, Tensor n, *, Tensor out = None)
 * (Tensor x, Number n, *, Tensor out = None)
",json2init/results/torch/torch.special.shifted_chebyshev_polynomial_v.init.json,info2json/results/torch/torch.special.shifted_chebyshev_polynomial_v.json
torch.special.shifted_chebyshev_polynomial_w,retry,spec_or_seed_error,"smoke test failed: special_shifted_chebyshev_polynomial_w() received an invalid combination of arguments - got (n=Tensor, input=Tensor, ), but expected one of:
 * (Tensor x, Tensor n, *, Tensor out = None)
 * (Number x, Tensor n, *, Tensor out = None)
 * (Tensor x, Number n, *, Tensor out = None)
",json2init/results/torch/torch.special.shifted_chebyshev_polynomial_w.init.json,info2json/results/torch/torch.special.shifted_chebyshev_polynomial_w.json
torch.special.spherical_bessel_j0,retry,spec_or_seed_error,"smoke test failed: special_spherical_bessel_j0() missing 1 required positional arguments: ""x""",json2init/results/torch/torch.special.spherical_bessel_j0.init.json,info2json/results/torch/torch.special.spherical_bessel_j0.json
torch.stack,retry,spec_or_seed_error,"smoke test failed: stack() missing 1 required positional arguments: ""tensors""",json2init/results/torch/torch.stack.init.json,info2json/results/torch/torch.stack.json
torch.stft,retry,spec_or_seed_error,smoke test failed: stft() missing 1 required positional argument: 'input',json2init/results/torch/torch.stft.init.json,info2json/results/torch/torch.stft.json
torch.take_along_dim,retry,spec_or_seed_error,"smoke test failed: take_along_dim(): argument 'indices' must be Tensor, not int",json2init/results/torch/torch.take_along_dim.init.json,info2json/results/torch/torch.take_along_dim.json
torch.testing.make_tensor,retry,spec_or_seed_error,smoke test failed: make_tensor() got an unexpected keyword argument 'shape',json2init/results/torch/torch.testing.make_tensor.init.json,info2json/results/torch/torch.testing.make_tensor.json
torch.tile,retry,spec_or_seed_error,"smoke test failed: tile(): argument 'dims' must be tuple of ints, not float",json2init/results/torch/torch.tile.init.json,info2json/results/torch/torch.tile.json
torch.triangular_solve,retry,spec_or_seed_error,"smoke test failed: triangular_solve() missing 2 required positional argument: ""input"", ""A""",json2init/results/torch/torch.triangular_solve.init.json,info2json/results/torch/torch.triangular_solve.json
torch.unflatten,retry,spec_or_seed_error,"smoke test failed: unflatten(): argument 'sizes' must be tuple of ints, not int",json2init/results/torch/torch.unflatten.init.json,info2json/results/torch/torch.unflatten.json
torch.unsqueeze,retry,spec_or_seed_error,"smoke test failed: unsqueeze() missing 1 required positional arguments: ""dim""",json2init/results/torch/torch.unsqueeze.init.json,info2json/results/torch/torch.unsqueeze.json
torch.vsplit,retry,spec_or_seed_error,"smoke test failed: vsplit() received an invalid combination of arguments - got (input=Tensor, ), but expected one of:
 * (Tensor input, int sections)
 * (Tensor input, tuple of ints indices)
",json2init/results/torch/torch.vsplit.init.json,info2json/results/torch/torch.vsplit.json
torch.vstack,retry,spec_or_seed_error,"smoke test failed: vstack() missing 1 required positional arguments: ""tensors""",json2init/results/torch/torch.vstack.init.json,info2json/results/torch/torch.vstack.json
torch.zeros,retry,spec_or_seed_error,"smoke test failed: zeros(): argument 'size' must be tuple of ints, not int",json2init/results/torch/torch.zeros.init.json,info2json/results/torch/torch.zeros.json
