api_full_name,source_spec_json_path
torch.abs,info2json/results/torch/torch.abs.json
torch.accelerator.get_device_capability,info2json/results/torch/torch.accelerator.get_device_capability.json
torch.accelerator.get_memory_info,info2json/results/torch/torch.accelerator.get_memory_info.json
torch.accelerator.max_memory_allocated,info2json/results/torch/torch.accelerator.max_memory_allocated.json
torch.accelerator.max_memory_reserved,info2json/results/torch/torch.accelerator.max_memory_reserved.json
torch.accelerator.memory.get_memory_info,info2json/results/torch/torch.accelerator.memory.get_memory_info.json
torch.accelerator.memory.max_memory_allocated,info2json/results/torch/torch.accelerator.memory.max_memory_allocated.json
torch.accelerator.memory.max_memory_reserved,info2json/results/torch/torch.accelerator.memory.max_memory_reserved.json
torch.accelerator.memory.memory_allocated,info2json/results/torch/torch.accelerator.memory.memory_allocated.json
torch.accelerator.memory.memory_reserved,info2json/results/torch/torch.accelerator.memory.memory_reserved.json
torch.accelerator.memory.memory_stats,info2json/results/torch/torch.accelerator.memory.memory_stats.json
torch.accelerator.memory_allocated,info2json/results/torch/torch.accelerator.memory_allocated.json
torch.accelerator.memory_reserved,info2json/results/torch/torch.accelerator.memory_reserved.json
torch.accelerator.memory_stats,info2json/results/torch/torch.accelerator.memory_stats.json
torch.acos,info2json/results/torch/torch.acos.json
torch.acosh,info2json/results/torch/torch.acosh.json
torch.add,info2json/results/torch/torch.add.json
torch.addbmm,info2json/results/torch/torch.addbmm.json
torch.addcdiv,info2json/results/torch/torch.addcdiv.json
torch.addcmul,info2json/results/torch/torch.addcmul.json
torch.addmm,info2json/results/torch/torch.addmm.json
torch.addmv,info2json/results/torch/torch.addmv.json
torch.addr,info2json/results/torch/torch.addr.json
torch.all,info2json/results/torch/torch.all.json
torch.allclose,info2json/results/torch/torch.allclose.json
torch.amax,info2json/results/torch/torch.amax.json
torch.amin,info2json/results/torch/torch.amin.json
torch.angle,info2json/results/torch/torch.angle.json
torch.any,info2json/results/torch/torch.any.json
torch.argsort,info2json/results/torch/torch.argsort.json
torch.as_tensor,info2json/results/torch/torch.as_tensor.json
torch.asarray,info2json/results/torch/torch.asarray.json
torch.asin,info2json/results/torch/torch.asin.json
torch.asinh,info2json/results/torch/torch.asinh.json
torch.atan,info2json/results/torch/torch.atan.json
torch.atan2,info2json/results/torch/torch.atan2.json
torch.atanh,info2json/results/torch/torch.atanh.json
torch.avg_pool1d,info2json/results/torch/torch.avg_pool1d.json
torch.baddbmm,info2json/results/torch/torch.baddbmm.json
torch.bartlett_window,info2json/results/torch/torch.bartlett_window.json
torch.bernoulli,info2json/results/torch/torch.bernoulli.json
torch.bitwise_and,info2json/results/torch/torch.bitwise_and.json
torch.bitwise_left_shift,info2json/results/torch/torch.bitwise_left_shift.json
torch.bitwise_not,info2json/results/torch/torch.bitwise_not.json
torch.bitwise_or,info2json/results/torch/torch.bitwise_or.json
torch.bitwise_right_shift,info2json/results/torch/torch.bitwise_right_shift.json
torch.bitwise_xor,info2json/results/torch/torch.bitwise_xor.json
torch.blackman_window,info2json/results/torch/torch.blackman_window.json
torch.broadcast_to,info2json/results/torch/torch.broadcast_to.json
torch.cat,info2json/results/torch/torch.cat.json
torch.ceil,info2json/results/torch/torch.ceil.json
torch.channel_shuffle,info2json/results/torch/torch.channel_shuffle.json
torch.cholesky,info2json/results/torch/torch.cholesky.json
torch.cholesky_inverse,info2json/results/torch/torch.cholesky_inverse.json
torch.cholesky_solve,info2json/results/torch/torch.cholesky_solve.json
torch.clamp,info2json/results/torch/torch.clamp.json
torch.clone,info2json/results/torch/torch.clone.json
torch.column_stack,info2json/results/torch/torch.column_stack.json
torch.combinations,info2json/results/torch/torch.combinations.json
torch.complex,info2json/results/torch/torch.complex.json
torch.conj,info2json/results/torch/torch.conj.json
torch.conj_physical,info2json/results/torch/torch.conj_physical.json
torch.copysign,info2json/results/torch/torch.copysign.json
torch.corrcoef,info2json/results/torch/torch.corrcoef.json
torch.cos,info2json/results/torch/torch.cos.json
torch.cosh,info2json/results/torch/torch.cosh.json
torch.cosine_similarity,info2json/results/torch/torch.cosine_similarity.json
torch.count_nonzero,info2json/results/torch/torch.count_nonzero.json
torch.cov,info2json/results/torch/torch.cov.json
torch.cross,info2json/results/torch/torch.cross.json
torch.cummax,info2json/results/torch/torch.cummax.json
torch.cummin,info2json/results/torch/torch.cummin.json
torch.cumprod,info2json/results/torch/torch.cumprod.json
torch.cumsum,info2json/results/torch/torch.cumsum.json
torch.deg2rad,info2json/results/torch/torch.deg2rad.json
torch.diag,info2json/results/torch/torch.diag.json
torch.diag_embed,info2json/results/torch/torch.diag_embed.json
torch.diagflat,info2json/results/torch/torch.diagflat.json
torch.diagonal,info2json/results/torch/torch.diagonal.json
torch.diagonal_scatter,info2json/results/torch/torch.diagonal_scatter.json
torch.diff,info2json/results/torch/torch.diff.json
torch.dist,info2json/results/torch/torch.dist.json
torch.distributions.bernoulli.binary_cross_entropy_with_logits,info2json/results/torch/torch.distributions.bernoulli.binary_cross_entropy_with_logits.json
torch.distributions.continuous_bernoulli.binary_cross_entropy_with_logits,info2json/results/torch/torch.distributions.continuous_bernoulli.binary_cross_entropy_with_logits.json
torch.distributions.geometric.binary_cross_entropy_with_logits,info2json/results/torch/torch.distributions.geometric.binary_cross_entropy_with_logits.json
torch.distributions.transforms.pad,info2json/results/torch/torch.distributions.transforms.pad.json
torch.div,info2json/results/torch/torch.div.json
torch.dot,info2json/results/torch/torch.dot.json
torch.dsplit,info2json/results/torch/torch.dsplit.json
torch.dstack,info2json/results/torch/torch.dstack.json
torch.empty,info2json/results/torch/torch.empty.json
torch.empty_like,info2json/results/torch/torch.empty_like.json
torch.empty_permuted,info2json/results/torch/torch.empty_permuted.json
torch.empty_strided,info2json/results/torch/torch.empty_strided.json
torch.eq,info2json/results/torch/torch.eq.json
torch.exp,info2json/results/torch/torch.exp.json
torch.fft.fft,info2json/results/torch/torch.fft.fft.json
torch.fft.fft2,info2json/results/torch/torch.fft.fft2.json
torch.fft.fftfreq,info2json/results/torch/torch.fft.fftfreq.json
torch.fft.fftn,info2json/results/torch/torch.fft.fftn.json
torch.fft.fftshift,info2json/results/torch/torch.fft.fftshift.json
torch.fft.hfft,info2json/results/torch/torch.fft.hfft.json
torch.fft.hfft2,info2json/results/torch/torch.fft.hfft2.json
torch.fft.hfftn,info2json/results/torch/torch.fft.hfftn.json
torch.fft.ifftshift,info2json/results/torch/torch.fft.ifftshift.json
torch.fft.ihfftn,info2json/results/torch/torch.fft.ihfftn.json
torch.fft.irfft,info2json/results/torch/torch.fft.irfft.json
torch.fft.irfft2,info2json/results/torch/torch.fft.irfft2.json
torch.fft.irfftn,info2json/results/torch/torch.fft.irfftn.json
torch.fft.rfft,info2json/results/torch/torch.fft.rfft.json
torch.fft.rfft2,info2json/results/torch/torch.fft.rfft2.json
torch.fft.rfftfreq,info2json/results/torch/torch.fft.rfftfreq.json
torch.fft.rfftn,info2json/results/torch/torch.fft.rfftn.json
torch.flatten,info2json/results/torch/torch.flatten.json
torch.flip,info2json/results/torch/torch.flip.json
torch.fliplr,info2json/results/torch/torch.fliplr.json
torch.flipud,info2json/results/torch/torch.flipud.json
torch.float_power,info2json/results/torch/torch.float_power.json
torch.floor,info2json/results/torch/torch.floor.json
torch.floor_divide,info2json/results/torch/torch.floor_divide.json
torch.fmax,info2json/results/torch/torch.fmax.json
torch.fmin,info2json/results/torch/torch.fmin.json
torch.fmod,info2json/results/torch/torch.fmod.json
torch.full,info2json/results/torch/torch.full.json
torch.full_like,info2json/results/torch/torch.full_like.json
torch.functional.F.np.all,info2json/results/torch/torch.functional.F.np.all.json
torch.functional.F.np.angle,info2json/results/torch/torch.functional.F.np.angle.json
torch.functional.F.np.array,info2json/results/torch/torch.functional.F.np.array.json
torch.functional.F.np.array2string,info2json/results/torch/torch.functional.F.np.array2string.json
torch.functional.F.np.array_repr,info2json/results/torch/torch.functional.F.np.array_repr.json
torch.functional.F.np.asfortranarray,info2json/results/torch/torch.functional.F.np.asfortranarray.json
torch.functional.F.np.astype,info2json/results/torch/torch.functional.F.np.astype.json
torch.functional.F.np.base_repr,info2json/results/torch/torch.functional.F.np.base_repr.json
torch.functional.F.np.bincount,info2json/results/torch/torch.functional.F.np.bincount.json
torch.functional.F.np.block,info2json/results/torch/torch.functional.F.np.block.json
torch.functional.F.np.bmat,info2json/results/torch/torch.functional.F.np.bmat.json
torch.functional.F.np.broadcast_to,info2json/results/torch/torch.functional.F.np.broadcast_to.json
torch.functional.F.np.can_cast,info2json/results/torch/torch.functional.F.np.can_cast.json
torch.functional.F.np.char.capitalize,info2json/results/torch/torch.functional.F.np.char.capitalize.json
torch.functional.F.np.char.expandtabs,info2json/results/torch/torch.functional.F.np.char.expandtabs.json
torch.functional.F.np.char.lower,info2json/results/torch/torch.functional.F.np.char.lower.json
torch.functional.F.np.char.rpartition,info2json/results/torch/torch.functional.F.np.char.rpartition.json
torch.functional.F.np.char.swapcase,info2json/results/torch/torch.functional.F.np.char.swapcase.json
torch.functional.F.np.char.title,info2json/results/torch/torch.functional.F.np.char.title.json
torch.functional.F.np.char.upper,info2json/results/torch/torch.functional.F.np.char.upper.json
torch.functional.F.np.choose,info2json/results/torch/torch.functional.F.np.choose.json
torch.functional.F.np.clip,info2json/results/torch/torch.functional.F.np.clip.json
torch.functional.F.np.column_stack,info2json/results/torch/torch.functional.F.np.column_stack.json
torch.functional.F.np.compress,info2json/results/torch/torch.functional.F.np.compress.json
torch.functional.F.np.corrcoef,info2json/results/torch/torch.functional.F.np.corrcoef.json
torch.functional.F.np.count_nonzero,info2json/results/torch/torch.functional.F.np.count_nonzero.json
torch.functional.F.np.cov,info2json/results/torch/torch.functional.F.np.cov.json
torch.functional.F.np.ctypeslib.ndpointer,info2json/results/torch/torch.functional.F.np.ctypeslib.ndpointer.json
torch.functional.F.np.cumprod,info2json/results/torch/torch.functional.F.np.cumprod.json
torch.functional.F.np.datetime_as_string,info2json/results/torch/torch.functional.F.np.datetime_as_string.json
torch.functional.F.np.diff,info2json/results/torch/torch.functional.F.np.diff.json
torch.functional.F.np.digitize,info2json/results/torch/torch.functional.F.np.digitize.json
torch.functional.F.np.dstack,info2json/results/torch/torch.functional.F.np.dstack.json
torch.functional.F.np.dtype.newbyteorder,info2json/results/torch/torch.functional.F.np.dtype.newbyteorder.json
torch.functional.F.np.einsum,info2json/results/torch/torch.functional.F.np.einsum.json
torch.functional.F.np.einsum_path,info2json/results/torch/torch.functional.F.np.einsum_path.json
torch.functional.F.np.empty,info2json/results/torch/torch.functional.F.np.empty.json
torch.functional.F.np.empty_like,info2json/results/torch/torch.functional.F.np.empty_like.json
torch.functional.F.np.expand_dims,info2json/results/torch/torch.functional.F.np.expand_dims.json
torch.functional.F.np.extract,info2json/results/torch/torch.functional.F.np.extract.json
torch.functional.F.np.fft.fftfreq,info2json/results/torch/torch.functional.F.np.fft.fftfreq.json
torch.functional.F.np.fft.fftn,info2json/results/torch/torch.functional.F.np.fft.fftn.json
torch.functional.F.np.fft.fftshift,info2json/results/torch/torch.functional.F.np.fft.fftshift.json
torch.functional.F.np.fft.ifftn,info2json/results/torch/torch.functional.F.np.fft.ifftn.json
torch.functional.F.np.fft.ifftshift,info2json/results/torch/torch.functional.F.np.fft.ifftshift.json
torch.functional.F.np.fft.irfft2,info2json/results/torch/torch.functional.F.np.fft.irfft2.json
torch.functional.F.np.fft.rfft2,info2json/results/torch/torch.functional.F.np.fft.rfft2.json
torch.functional.F.np.fft.rfftfreq,info2json/results/torch/torch.functional.F.np.fft.rfftfreq.json
torch.functional.F.np.fft.rfftn,info2json/results/torch/torch.functional.F.np.fft.rfftn.json
torch.functional.F.np.fliplr,info2json/results/torch/torch.functional.F.np.fliplr.json
torch.functional.F.np.format_float_positional,info2json/results/torch/torch.functional.F.np.format_float_positional.json
torch.functional.F.np.format_float_scientific,info2json/results/torch/torch.functional.F.np.format_float_scientific.json
torch.functional.F.np.full,info2json/results/torch/torch.functional.F.np.full.json
torch.functional.F.np.geomspace,info2json/results/torch/torch.functional.F.np.geomspace.json
torch.functional.F.np.histogram2d,info2json/results/torch/torch.functional.F.np.histogram2d.json
torch.functional.F.np.histogram_bin_edges,info2json/results/torch/torch.functional.F.np.histogram_bin_edges.json
torch.functional.F.np.histogramdd,info2json/results/torch/torch.functional.F.np.histogramdd.json
torch.functional.F.np.hstack,info2json/results/torch/torch.functional.F.np.hstack.json
torch.functional.F.np.identity,info2json/results/torch/torch.functional.F.np.identity.json
torch.functional.F.np.iscomplex,info2json/results/torch/torch.functional.F.np.iscomplex.json
torch.functional.F.np.iscomplexobj,info2json/results/torch/torch.functional.F.np.iscomplexobj.json
torch.functional.F.np.isdtype,info2json/results/torch/torch.functional.F.np.isdtype.json
torch.functional.F.np.isfortran,info2json/results/torch/torch.functional.F.np.isfortran.json
torch.functional.F.np.isin,info2json/results/torch/torch.functional.F.np.isin.json
torch.functional.F.np.isnan,info2json/results/torch/torch.functional.F.np.isnan.json
torch.functional.F.np.isnat,info2json/results/torch/torch.functional.F.np.isnat.json
torch.functional.F.np.isneginf,info2json/results/torch/torch.functional.F.np.isneginf.json
torch.functional.F.np.isposinf,info2json/results/torch/torch.functional.F.np.isposinf.json
torch.functional.F.np.isreal,info2json/results/torch/torch.functional.F.np.isreal.json
torch.functional.F.np.isrealobj,info2json/results/torch/torch.functional.F.np.isrealobj.json
torch.functional.F.np.isscalar,info2json/results/torch/torch.functional.F.np.isscalar.json
torch.functional.F.np.lexsort,info2json/results/torch/torch.functional.F.np.lexsort.json
torch.functional.F.np.linalg.cond,info2json/results/torch/torch.functional.F.np.linalg.cond.json
torch.functional.F.np.linalg.cross,info2json/results/torch/torch.functional.F.np.linalg.cross.json
torch.functional.F.np.linalg.eig,info2json/results/torch/torch.functional.F.np.linalg.eig.json
torch.functional.F.np.linalg.eigvals,info2json/results/torch/torch.functional.F.np.linalg.eigvals.json
torch.functional.F.np.linalg.eigvalsh,info2json/results/torch/torch.functional.F.np.linalg.eigvalsh.json
torch.functional.F.np.linalg.matmul,info2json/results/torch/torch.functional.F.np.linalg.matmul.json
torch.functional.F.np.linalg.matrix_transpose,info2json/results/torch/torch.functional.F.np.linalg.matrix_transpose.json
torch.functional.F.np.linalg.multi_dot,info2json/results/torch/torch.functional.F.np.linalg.multi_dot.json
torch.functional.F.np.linalg.norm,info2json/results/torch/torch.functional.F.np.linalg.norm.json
torch.functional.F.np.linalg.outer,info2json/results/torch/torch.functional.F.np.linalg.outer.json
torch.functional.F.np.linalg.svd,info2json/results/torch/torch.functional.F.np.linalg.svd.json
torch.functional.F.np.linalg.svdvals,info2json/results/torch/torch.functional.F.np.linalg.svdvals.json
torch.functional.F.np.linalg.tensorinv,info2json/results/torch/torch.functional.F.np.linalg.tensorinv.json
torch.functional.F.np.linalg.tensorsolve,info2json/results/torch/torch.functional.F.np.linalg.tensorsolve.json
torch.functional.F.np.linalg.vecdot,info2json/results/torch/torch.functional.F.np.linalg.vecdot.json
torch.functional.F.np.logspace,info2json/results/torch/torch.functional.F.np.logspace.json
torch.functional.F.np.ma.asarray,info2json/results/torch/torch.functional.F.np.ma.asarray.json
torch.functional.F.np.ma.choose,info2json/results/torch/torch.functional.F.np.ma.choose.json
torch.functional.F.np.ma.clip,info2json/results/torch/torch.functional.F.np.ma.clip.json
torch.functional.F.np.ma.clump_masked,info2json/results/torch/torch.functional.F.np.ma.clump_masked.json
torch.functional.F.np.ma.clump_unmasked,info2json/results/torch/torch.functional.F.np.ma.clump_unmasked.json
torch.functional.F.np.ma.column_stack,info2json/results/torch/torch.functional.F.np.ma.column_stack.json
torch.functional.F.np.ma.compress_nd,info2json/results/torch/torch.functional.F.np.ma.compress_nd.json
torch.functional.F.np.ma.compress_rowcols,info2json/results/torch/torch.functional.F.np.ma.compress_rowcols.json
torch.functional.F.np.ma.concatenate,info2json/results/torch/torch.functional.F.np.ma.concatenate.json
torch.functional.F.np.ma.count_masked,info2json/results/torch/torch.functional.F.np.ma.count_masked.json
torch.functional.F.np.ma.default_fill_value,info2json/results/torch/torch.functional.F.np.ma.default_fill_value.json
torch.functional.F.np.ma.diff,info2json/results/torch/torch.functional.F.np.ma.diff.json
torch.functional.F.np.ma.dstack,info2json/results/torch/torch.functional.F.np.ma.dstack.json
torch.functional.F.np.ma.empty,info2json/results/torch/torch.functional.F.np.ma.empty.json
torch.functional.F.np.ma.empty_like,info2json/results/torch/torch.functional.F.np.ma.empty_like.json
torch.functional.F.np.ma.expand_dims,info2json/results/torch/torch.functional.F.np.ma.expand_dims.json
torch.functional.F.np.ma.fix_invalid,info2json/results/torch/torch.functional.F.np.ma.fix_invalid.json
torch.functional.F.np.ma.flatnotmasked_contiguous,info2json/results/torch/torch.functional.F.np.ma.flatnotmasked_contiguous.json
torch.functional.F.np.ma.fromflex,info2json/results/torch/torch.functional.F.np.ma.fromflex.json
torch.functional.F.np.ma.hstack,info2json/results/torch/torch.functional.F.np.ma.hstack.json
torch.functional.F.np.ma.identity,info2json/results/torch/torch.functional.F.np.ma.identity.json
torch.functional.F.np.ma.is_mask,info2json/results/torch/torch.functional.F.np.ma.is_mask.json
torch.functional.F.np.ma.make_mask_none,info2json/results/torch/torch.functional.F.np.ma.make_mask_none.json
torch.functional.F.np.ma.mask_rowcols,info2json/results/torch/torch.functional.F.np.ma.mask_rowcols.json
torch.functional.F.np.ma.masked_all,info2json/results/torch/torch.functional.F.np.ma.masked_all.json
torch.functional.F.np.ma.masked_all_like,info2json/results/torch/torch.functional.F.np.ma.masked_all_like.json
torch.functional.F.np.ma.maximum_fill_value,info2json/results/torch/torch.functional.F.np.ma.maximum_fill_value.json
torch.functional.F.np.ma.minimum_fill_value,info2json/results/torch/torch.functional.F.np.ma.minimum_fill_value.json
torch.functional.F.np.ma.ones,info2json/results/torch/torch.functional.F.np.ma.ones.json
torch.functional.F.np.ma.ones_like,info2json/results/torch/torch.functional.F.np.ma.ones_like.json
torch.functional.F.np.ma.row_stack,info2json/results/torch/torch.functional.F.np.ma.row_stack.json
torch.functional.F.np.ma.stack,info2json/results/torch/torch.functional.F.np.ma.stack.json
torch.functional.F.np.ma.vstack,info2json/results/torch/torch.functional.F.np.ma.vstack.json
torch.functional.F.np.ma.where,info2json/results/torch/torch.functional.F.np.ma.where.json
torch.functional.F.np.ma.zeros,info2json/results/torch/torch.functional.F.np.ma.zeros.json
torch.functional.F.np.ma.zeros_like,info2json/results/torch/torch.functional.F.np.ma.zeros_like.json
torch.functional.F.np.matrix_transpose,info2json/results/torch/torch.functional.F.np.matrix_transpose.json
torch.functional.F.np.memmap.astype,info2json/results/torch/torch.functional.F.np.memmap.astype.json
torch.functional.F.np.memmap.transpose,info2json/results/torch/torch.functional.F.np.memmap.transpose.json
torch.functional.F.np.min_scalar_type,info2json/results/torch/torch.functional.F.np.min_scalar_type.json
torch.functional.F.np.moveaxis,info2json/results/torch/torch.functional.F.np.moveaxis.json
torch.functional.F.np.nancumprod,info2json/results/torch/torch.functional.F.np.nancumprod.json
torch.functional.F.np.nanprod,info2json/results/torch/torch.functional.F.np.nanprod.json
torch.functional.F.np.ndim,info2json/results/torch/torch.functional.F.np.ndim.json
torch.functional.F.np.nested_iters,info2json/results/torch/torch.functional.F.np.nested_iters.json
torch.functional.F.np.nonzero,info2json/results/torch/torch.functional.F.np.nonzero.json
torch.functional.F.np.ones,info2json/results/torch/torch.functional.F.np.ones.json
torch.functional.F.np.ones_like,info2json/results/torch/torch.functional.F.np.ones_like.json
torch.functional.F.np.packbits,info2json/results/torch/torch.functional.F.np.packbits.json
torch.functional.F.np.pad,info2json/results/torch/torch.functional.F.np.pad.json
torch.functional.F.np.partition,info2json/results/torch/torch.functional.F.np.partition.json
torch.functional.F.np.permute_dims,info2json/results/torch/torch.functional.F.np.permute_dims.json
torch.functional.F.np.poly,info2json/results/torch/torch.functional.F.np.poly.json
torch.functional.F.np.promote_types,info2json/results/torch/torch.functional.F.np.promote_types.json
torch.functional.F.np.random.choice,info2json/results/torch/torch.functional.F.np.random.choice.json
torch.functional.F.np.random.permutation,info2json/results/torch/torch.functional.F.np.random.permutation.json
torch.functional.F.np.random.standard_cauchy,info2json/results/torch/torch.functional.F.np.random.standard_cauchy.json
torch.functional.F.np.random.standard_exponential,info2json/results/torch/torch.functional.F.np.random.standard_exponential.json
torch.functional.F.np.ravel_multi_index,info2json/results/torch/torch.functional.F.np.ravel_multi_index.json
torch.functional.F.np.rec.fromarrays,info2json/results/torch/torch.functional.F.np.rec.fromarrays.json
torch.functional.F.np.rec.fromrecords,info2json/results/torch/torch.functional.F.np.rec.fromrecords.json
torch.functional.F.np.recarray.astype,info2json/results/torch/torch.functional.F.np.recarray.astype.json
torch.functional.F.np.recarray.transpose,info2json/results/torch/torch.functional.F.np.recarray.transpose.json
torch.functional.F.np.result_type,info2json/results/torch/torch.functional.F.np.result_type.json
torch.functional.F.np.roll,info2json/results/torch/torch.functional.F.np.roll.json
torch.functional.F.np.roots,info2json/results/torch/torch.functional.F.np.roots.json
torch.functional.F.np.rot90,info2json/results/torch/torch.functional.F.np.rot90.json
torch.functional.F.np.row_stack,info2json/results/torch/torch.functional.F.np.row_stack.json
torch.functional.F.np.select,info2json/results/torch/torch.functional.F.np.select.json
torch.functional.F.np.setbufsize,info2json/results/torch/torch.functional.F.np.setbufsize.json
torch.functional.F.np.shape,info2json/results/torch/torch.functional.F.np.shape.json
torch.functional.F.np.sinc,info2json/results/torch/torch.functional.F.np.sinc.json
torch.functional.F.np.sort,info2json/results/torch/torch.functional.F.np.sort.json
torch.functional.F.np.split,info2json/results/torch/torch.functional.F.np.split.json
torch.functional.F.np.stack,info2json/results/torch/torch.functional.F.np.stack.json
torch.functional.F.np.strings.capitalize,info2json/results/torch/torch.functional.F.np.strings.capitalize.json
torch.functional.F.np.strings.expandtabs,info2json/results/torch/torch.functional.F.np.strings.expandtabs.json
torch.functional.F.np.strings.lower,info2json/results/torch/torch.functional.F.np.strings.lower.json
torch.functional.F.np.strings.partition,info2json/results/torch/torch.functional.F.np.strings.partition.json
torch.functional.F.np.strings.rpartition,info2json/results/torch/torch.functional.F.np.strings.rpartition.json
torch.functional.F.np.strings.slice,info2json/results/torch/torch.functional.F.np.strings.slice.json
torch.functional.F.np.strings.swapcase,info2json/results/torch/torch.functional.F.np.strings.swapcase.json
torch.functional.F.np.strings.title,info2json/results/torch/torch.functional.F.np.strings.title.json
torch.functional.F.np.strings.upper,info2json/results/torch/torch.functional.F.np.strings.upper.json
torch.functional.F.np.take_along_axis,info2json/results/torch/torch.functional.F.np.take_along_axis.json
torch.functional.F.np.tile,info2json/results/torch/torch.functional.F.np.tile.json
torch.functional.F.np.transpose,info2json/results/torch/torch.functional.F.np.transpose.json
torch.functional.F.np.tri,info2json/results/torch/torch.functional.F.np.tri.json
torch.functional.F.np.tril,info2json/results/torch/torch.functional.F.np.tril.json
torch.functional.F.np.tril_indices,info2json/results/torch/torch.functional.F.np.tril_indices.json
torch.functional.F.np.trim_zeros,info2json/results/torch/torch.functional.F.np.trim_zeros.json
torch.functional.F.np.triu_indices,info2json/results/torch/torch.functional.F.np.triu_indices.json
torch.functional.F.np.ufunc.outer,info2json/results/torch/torch.functional.F.np.ufunc.outer.json
torch.functional.F.np.ufunc.resolve_dtypes,info2json/results/torch/torch.functional.F.np.ufunc.resolve_dtypes.json
torch.functional.F.np.unique_all,info2json/results/torch/torch.functional.F.np.unique_all.json
torch.functional.F.np.unique_counts,info2json/results/torch/torch.functional.F.np.unique_counts.json
torch.functional.F.np.unique_inverse,info2json/results/torch/torch.functional.F.np.unique_inverse.json
torch.functional.F.np.unique_values,info2json/results/torch/torch.functional.F.np.unique_values.json
torch.functional.F.np.unpackbits,info2json/results/torch/torch.functional.F.np.unpackbits.json
torch.functional.F.np.unstack,info2json/results/torch/torch.functional.F.np.unstack.json
torch.functional.F.np.unwrap,info2json/results/torch/torch.functional.F.np.unwrap.json
torch.functional.F.np.vstack,info2json/results/torch/torch.functional.F.np.vstack.json
torch.functional.F.np.where,info2json/results/torch/torch.functional.F.np.where.json
torch.functional.F.np.zeros,info2json/results/torch/torch.functional.F.np.zeros.json
torch.functional.F.np.zeros_like,info2json/results/torch/torch.functional.F.np.zeros_like.json
torch.functional.pca_lowrank,info2json/results/torch/torch.functional.pca_lowrank.json
torch.functional.stft,info2json/results/torch/torch.functional.stft.json
torch.functional.svd_lowrank,info2json/results/torch/torch.functional.svd_lowrank.json
torch.fx.experimental.symbolic_shapes.cast_symbool_to_symint_guardless,info2json/results/torch/torch.fx.experimental.symbolic_shapes.cast_symbool_to_symint_guardless.json
torch.fx.experimental.symbolic_shapes.free_symbols,info2json/results/torch/torch.fx.experimental.symbolic_shapes.free_symbols.json
torch.fx.experimental.symbolic_shapes.guard_scalar,info2json/results/torch/torch.fx.experimental.symbolic_shapes.guard_scalar.json
torch.fx.experimental.symbolic_shapes.has_static_value,info2json/results/torch/torch.fx.experimental.symbolic_shapes.has_static_value.json
torch.fx.experimental.symbolic_shapes.sympy.GramSchmidt,info2json/results/torch/torch.fx.experimental.symbolic_shapes.sympy.GramSchmidt.json
torch.fx.experimental.symbolic_shapes.sympy.factor_system,info2json/results/torch/torch.fx.experimental.symbolic_shapes.sympy.factor_system.json
torch.fx.experimental.symbolic_shapes.sympy.finite_diff_weights,info2json/results/torch/torch.fx.experimental.symbolic_shapes.sympy.finite_diff_weights.json
torch.fx.experimental.symbolic_shapes.sympy.nonlinsolve,info2json/results/torch/torch.fx.experimental.symbolic_shapes.sympy.nonlinsolve.json
torch.fx.experimental.symbolic_shapes.sympy.primefactors,info2json/results/torch/torch.fx.experimental.symbolic_shapes.sympy.primefactors.json
torch.fx.experimental.symbolic_shapes.sympy.round_two,info2json/results/torch/torch.fx.experimental.symbolic_shapes.sympy.round_two.json
torch.gcd,info2json/results/torch/torch.gcd.json
torch.ge,info2json/results/torch/torch.ge.json
torch.geqrf,info2json/results/torch/torch.geqrf.json
torch.gt,info2json/results/torch/torch.gt.json
torch.hann_window,info2json/results/torch/torch.hann_window.json
torch.hash_tensor,info2json/results/torch/torch.hash_tensor.json
torch.heaviside,info2json/results/torch/torch.heaviside.json
torch.histc,info2json/results/torch/torch.histc.json
torch.histogram,info2json/results/torch/torch.histogram.json
torch.histogramdd,info2json/results/torch/torch.histogramdd.json
torch.hsplit,info2json/results/torch/torch.hsplit.json
torch.hspmm,info2json/results/torch/torch.hspmm.json
torch.hstack,info2json/results/torch/torch.hstack.json
torch.hypot,info2json/results/torch/torch.hypot.json
torch.imag,info2json/results/torch/torch.imag.json
torch.index_select,info2json/results/torch/torch.index_select.json
torch.is_complex,info2json/results/torch/torch.is_complex.json
torch.is_floating_point,info2json/results/torch/torch.is_floating_point.json
torch.isclose,info2json/results/torch/torch.isclose.json
torch.isfinite,info2json/results/torch/torch.isfinite.json
torch.isin,info2json/results/torch/torch.isin.json
torch.isinf,info2json/results/torch/torch.isinf.json
torch.isnan,info2json/results/torch/torch.isnan.json
torch.isneginf,info2json/results/torch/torch.isneginf.json
torch.isposinf,info2json/results/torch/torch.isposinf.json
torch.isreal,info2json/results/torch/torch.isreal.json
torch.kaiser_window,info2json/results/torch/torch.kaiser_window.json
torch.lcm,info2json/results/torch/torch.lcm.json
torch.ldexp,info2json/results/torch/torch.ldexp.json
torch.le,info2json/results/torch/torch.le.json
torch.lgamma,info2json/results/torch/torch.lgamma.json
torch.linalg.householder_product,info2json/results/torch/torch.linalg.householder_product.json
torch.linalg.lu,info2json/results/torch/torch.linalg.lu.json
torch.linalg.qr,info2json/results/torch/torch.linalg.qr.json
torch.linalg.vander,info2json/results/torch/torch.linalg.vander.json
torch.linspace,info2json/results/torch/torch.linspace.json
torch.lobpcg,info2json/results/torch/torch.lobpcg.json
torch.log,info2json/results/torch/torch.log.json
torch.log10,info2json/results/torch/torch.log10.json
torch.log1p,info2json/results/torch/torch.log1p.json
torch.log2,info2json/results/torch/torch.log2.json
torch.logaddexp,info2json/results/torch/torch.logaddexp.json
torch.logaddexp2,info2json/results/torch/torch.logaddexp2.json
torch.logcumsumexp,info2json/results/torch/torch.logcumsumexp.json
torch.logical_and,info2json/results/torch/torch.logical_and.json
torch.logical_not,info2json/results/torch/torch.logical_not.json
torch.logical_or,info2json/results/torch/torch.logical_or.json
torch.logical_xor,info2json/results/torch/torch.logical_xor.json
torch.logspace,info2json/results/torch/torch.logspace.json
torch.lt,info2json/results/torch/torch.lt.json
torch.lu_unpack,info2json/results/torch/torch.lu_unpack.json
torch.masked.amax,info2json/results/torch/torch.masked.amax.json
torch.masked.amin,info2json/results/torch/torch.masked.amin.json
torch.masked.argmax,info2json/results/torch/torch.masked.argmax.json
torch.masked.argmin,info2json/results/torch/torch.masked.argmin.json
torch.masked.cumprod,info2json/results/torch/torch.masked.cumprod.json
torch.masked.cumsum,info2json/results/torch/torch.masked.cumsum.json
torch.masked.log_softmax,info2json/results/torch/torch.masked.log_softmax.json
torch.masked.logaddexp,info2json/results/torch/torch.masked.logaddexp.json
torch.masked.logsumexp,info2json/results/torch/torch.masked.logsumexp.json
torch.masked.mean,info2json/results/torch/torch.masked.mean.json
torch.masked.median,info2json/results/torch/torch.masked.median.json
torch.masked.norm,info2json/results/torch/torch.masked.norm.json
torch.masked.normalize,info2json/results/torch/torch.masked.normalize.json
torch.masked.prod,info2json/results/torch/torch.masked.prod.json
torch.masked.softmax,info2json/results/torch/torch.masked.softmax.json
torch.masked.softmin,info2json/results/torch/torch.masked.softmin.json
torch.masked.std,info2json/results/torch/torch.masked.std.json
torch.masked.sum,info2json/results/torch/torch.masked.sum.json
torch.masked.var,info2json/results/torch/torch.masked.var.json
torch.masked_select,info2json/results/torch/torch.masked_select.json
torch.matmul,info2json/results/torch/torch.matmul.json
torch.max,info2json/results/torch/torch.max.json
torch.maximum,info2json/results/torch/torch.maximum.json
torch.mean,info2json/results/torch/torch.mean.json
torch.median,info2json/results/torch/torch.median.json
torch.min,info2json/results/torch/torch.min.json
torch.minimum,info2json/results/torch/torch.minimum.json
torch.mm,info2json/results/torch/torch.mm.json
torch.mode,info2json/results/torch/torch.mode.json
torch.movedim,info2json/results/torch/torch.movedim.json
torch.msort,info2json/results/torch/torch.msort.json
torch.mtia.get_rng_state,info2json/results/torch/torch.mtia.get_rng_state.json
torch.mtia.memory.memory_allocated,info2json/results/torch/torch.mtia.memory.memory_allocated.json
torch.mtia.memory_allocated,info2json/results/torch/torch.mtia.memory_allocated.json
torch.mul,info2json/results/torch/torch.mul.json
torch.mv,info2json/results/torch/torch.mv.json
torch.nan_to_num,info2json/results/torch/torch.nan_to_num.json
torch.nanmean,info2json/results/torch/torch.nanmean.json
torch.nanmedian,info2json/results/torch/torch.nanmedian.json
torch.nanquantile,info2json/results/torch/torch.nanquantile.json
torch.nansum,info2json/results/torch/torch.nansum.json
torch.narrow,info2json/results/torch/torch.narrow.json
torch.narrow_copy,info2json/results/torch/torch.narrow_copy.json
torch.native_channel_shuffle,info2json/results/torch/torch.native_channel_shuffle.json
torch.ne,info2json/results/torch/torch.ne.json
torch.neg,info2json/results/torch/torch.neg.json
torch.nested.as_nested_tensor,info2json/results/torch/torch.nested.as_nested_tensor.json
torch.nested.narrow,info2json/results/torch/torch.nested.narrow.json
torch.nested.nested_tensor_from_jagged,info2json/results/torch/torch.nested.nested_tensor_from_jagged.json
torch.nextafter,info2json/results/torch/torch.nextafter.json
torch.nn.parallel.comm.broadcast_coalesced,info2json/results/torch/torch.nn.parallel.comm.broadcast_coalesced.json
torch.nn.parallel.comm.reduce_add,info2json/results/torch/torch.nn.parallel.comm.reduce_add.json
torch.nn.parallel.comm.reduce_add_coalesced,info2json/results/torch/torch.nn.parallel.comm.reduce_add_coalesced.json
torch.nn.quantized.functional.linear,info2json/results/torch/torch.nn.quantized.functional.linear.json
torch.nn.utils.get_total_norm,info2json/results/torch/torch.nn.utils.get_total_norm.json
torch.nn.utils.rnn.invert_permutation,info2json/results/torch/torch.nn.utils.rnn.invert_permutation.json
torch.normal,info2json/results/torch/torch.normal.json
torch.numel,info2json/results/torch/torch.numel.json
torch.ones,info2json/results/torch/torch.ones.json
torch.ones_like,info2json/results/torch/torch.ones_like.json
torch.ormqr,info2json/results/torch/torch.ormqr.json
torch.outer,info2json/results/torch/torch.outer.json
torch.pca_lowrank,info2json/results/torch/torch.pca_lowrank.json
torch.pdist,info2json/results/torch/torch.pdist.json
torch.permute,info2json/results/torch/torch.permute.json
torch.poisson,info2json/results/torch/torch.poisson.json
torch.polar,info2json/results/torch/torch.polar.json
torch.positive,info2json/results/torch/torch.positive.json
torch.pow,info2json/results/torch/torch.pow.json
torch.prod,info2json/results/torch/torch.prod.json
torch.qr,info2json/results/torch/torch.qr.json
torch.quantile,info2json/results/torch/torch.quantile.json
torch.quantization.default_placeholder_observer.get_buffer,info2json/results/torch/torch.quantization.default_placeholder_observer.get_buffer.json
torch.quantize_per_channel,info2json/results/torch/torch.quantize_per_channel.json
torch.quantize_per_tensor,info2json/results/torch/torch.quantize_per_tensor.json
torch.quantize_per_tensor_dynamic,info2json/results/torch/torch.quantize_per_tensor_dynamic.json
torch.quantized_max_pool1d,info2json/results/torch/torch.quantized_max_pool1d.json
torch.quantized_max_pool2d,info2json/results/torch/torch.quantized_max_pool2d.json
torch.rad2deg,info2json/results/torch/torch.rad2deg.json
torch.rand,info2json/results/torch/torch.rand.json
torch.rand_like,info2json/results/torch/torch.rand_like.json
torch.randn,info2json/results/torch/torch.randn.json
torch.randn_like,info2json/results/torch/torch.randn_like.json
torch.randperm,info2json/results/torch/torch.randperm.json
torch.ravel,info2json/results/torch/torch.ravel.json
torch.real,info2json/results/torch/torch.real.json
torch.reciprocal,info2json/results/torch/torch.reciprocal.json
torch.remainder,info2json/results/torch/torch.remainder.json
torch.reshape,info2json/results/torch/torch.reshape.json
torch.resolve_conj,info2json/results/torch/torch.resolve_conj.json
torch.resolve_neg,info2json/results/torch/torch.resolve_neg.json
torch.result_type,info2json/results/torch/torch.result_type.json
torch.roll,info2json/results/torch/torch.roll.json
torch.rot90,info2json/results/torch/torch.rot90.json
torch.round,info2json/results/torch/torch.round.json
torch.rsqrt,info2json/results/torch/torch.rsqrt.json
torch.searchsorted,info2json/results/torch/torch.searchsorted.json
torch.segment_reduce,info2json/results/torch/torch.segment_reduce.json
torch.sgn,info2json/results/torch/torch.sgn.json
torch.sign,info2json/results/torch/torch.sign.json
torch.signbit,info2json/results/torch/torch.signbit.json
torch.sin,info2json/results/torch/torch.sin.json
torch.sinh,info2json/results/torch/torch.sinh.json
torch.slice_scatter,info2json/results/torch/torch.slice_scatter.json
torch.smm,info2json/results/torch/torch.smm.json
torch.sort,info2json/results/torch/torch.sort.json
torch.special.airy_ai,info2json/results/torch/torch.special.airy_ai.json
torch.special.bessel_j0,info2json/results/torch/torch.special.bessel_j0.json
torch.special.bessel_j1,info2json/results/torch/torch.special.bessel_j1.json
torch.special.bessel_y0,info2json/results/torch/torch.special.bessel_y0.json
torch.special.bessel_y1,info2json/results/torch/torch.special.bessel_y1.json
torch.special.chebyshev_polynomial_t,info2json/results/torch/torch.special.chebyshev_polynomial_t.json
torch.special.chebyshev_polynomial_u,info2json/results/torch/torch.special.chebyshev_polynomial_u.json
torch.special.chebyshev_polynomial_v,info2json/results/torch/torch.special.chebyshev_polynomial_v.json
torch.special.chebyshev_polynomial_w,info2json/results/torch/torch.special.chebyshev_polynomial_w.json
torch.special.entr,info2json/results/torch/torch.special.entr.json
torch.special.erf,info2json/results/torch/torch.special.erf.json
torch.special.erfc,info2json/results/torch/torch.special.erfc.json
torch.special.erfcx,info2json/results/torch/torch.special.erfcx.json
torch.special.erfinv,info2json/results/torch/torch.special.erfinv.json
torch.special.exp2,info2json/results/torch/torch.special.exp2.json
torch.special.expit,info2json/results/torch/torch.special.expit.json
torch.special.expm1,info2json/results/torch/torch.special.expm1.json
torch.special.gammainc,info2json/results/torch/torch.special.gammainc.json
torch.special.gammaincc,info2json/results/torch/torch.special.gammaincc.json
torch.special.gammaln,info2json/results/torch/torch.special.gammaln.json
torch.special.hermite_polynomial_h,info2json/results/torch/torch.special.hermite_polynomial_h.json
torch.special.hermite_polynomial_he,info2json/results/torch/torch.special.hermite_polynomial_he.json
torch.special.i0,info2json/results/torch/torch.special.i0.json
torch.special.i0e,info2json/results/torch/torch.special.i0e.json
torch.special.i1,info2json/results/torch/torch.special.i1.json
torch.special.i1e,info2json/results/torch/torch.special.i1e.json
torch.special.laguerre_polynomial_l,info2json/results/torch/torch.special.laguerre_polynomial_l.json
torch.special.legendre_polynomial_p,info2json/results/torch/torch.special.legendre_polynomial_p.json
torch.special.log_ndtr,info2json/results/torch/torch.special.log_ndtr.json
torch.special.logit,info2json/results/torch/torch.special.logit.json
torch.special.modified_bessel_i0,info2json/results/torch/torch.special.modified_bessel_i0.json
torch.special.modified_bessel_i1,info2json/results/torch/torch.special.modified_bessel_i1.json
torch.special.modified_bessel_k0,info2json/results/torch/torch.special.modified_bessel_k0.json
torch.special.modified_bessel_k1,info2json/results/torch/torch.special.modified_bessel_k1.json
torch.special.ndtr,info2json/results/torch/torch.special.ndtr.json
torch.special.ndtri,info2json/results/torch/torch.special.ndtri.json
torch.special.scaled_modified_bessel_k0,info2json/results/torch/torch.special.scaled_modified_bessel_k0.json
torch.special.scaled_modified_bessel_k1,info2json/results/torch/torch.special.scaled_modified_bessel_k1.json
torch.special.shifted_chebyshev_polynomial_t,info2json/results/torch/torch.special.shifted_chebyshev_polynomial_t.json
torch.special.shifted_chebyshev_polynomial_u,info2json/results/torch/torch.special.shifted_chebyshev_polynomial_u.json
torch.special.shifted_chebyshev_polynomial_v,info2json/results/torch/torch.special.shifted_chebyshev_polynomial_v.json
torch.special.shifted_chebyshev_polynomial_w,info2json/results/torch/torch.special.shifted_chebyshev_polynomial_w.json
torch.special.sinc,info2json/results/torch/torch.special.sinc.json
torch.special.spherical_bessel_j0,info2json/results/torch/torch.special.spherical_bessel_j0.json
torch.special.zeta,info2json/results/torch/torch.special.zeta.json
torch.sqrt,info2json/results/torch/torch.sqrt.json
torch.square,info2json/results/torch/torch.square.json
torch.squeeze,info2json/results/torch/torch.squeeze.json
torch.sspaddmm,info2json/results/torch/torch.sspaddmm.json
torch.stack,info2json/results/torch/torch.stack.json
torch.std,info2json/results/torch/torch.std.json
torch.std_mean,info2json/results/torch/torch.std_mean.json
torch.stft,info2json/results/torch/torch.stft.json
torch.sub,info2json/results/torch/torch.sub.json
torch.sum,info2json/results/torch/torch.sum.json
torch.svd,info2json/results/torch/torch.svd.json
torch.svd_lowrank,info2json/results/torch/torch.svd_lowrank.json
torch.t,info2json/results/torch/torch.t.json
torch.take,info2json/results/torch/torch.take.json
torch.take_along_dim,info2json/results/torch/torch.take_along_dim.json
torch.tan,info2json/results/torch/torch.tan.json
torch.tanh,info2json/results/torch/torch.tanh.json
torch.tensor,info2json/results/torch/torch.tensor.json
torch.testing.make_tensor,info2json/results/torch/torch.testing.make_tensor.json
torch.tile,info2json/results/torch/torch.tile.json
torch.transpose,info2json/results/torch/torch.transpose.json
torch.trapezoid,info2json/results/torch/torch.trapezoid.json
torch.triangular_solve,info2json/results/torch/torch.triangular_solve.json
torch.tril,info2json/results/torch/torch.tril.json
torch.tril_indices,info2json/results/torch/torch.tril_indices.json
torch.triu,info2json/results/torch/torch.triu.json
torch.triu_indices,info2json/results/torch/torch.triu_indices.json
torch.trunc,info2json/results/torch/torch.trunc.json
torch.unflatten,info2json/results/torch/torch.unflatten.json
torch.unsqueeze,info2json/results/torch/torch.unsqueeze.json
torch.utils.data.dataset.randperm,info2json/results/torch/torch.utils.data.dataset.randperm.json
torch.var,info2json/results/torch/torch.var.json
torch.var_mean,info2json/results/torch/torch.var_mean.json
torch.vdot,info2json/results/torch/torch.vdot.json
torch.view_as_complex,info2json/results/torch/torch.view_as_complex.json
torch.view_as_real,info2json/results/torch/torch.view_as_real.json
torch.vsplit,info2json/results/torch/torch.vsplit.json
torch.vstack,info2json/results/torch/torch.vstack.json
torch.windows.bartlett,info2json/results/torch/torch.windows.bartlett.json
torch.windows.blackman,info2json/results/torch/torch.windows.blackman.json
torch.windows.cosine,info2json/results/torch/torch.windows.cosine.json
torch.windows.exponential,info2json/results/torch/torch.windows.exponential.json
torch.windows.gaussian,info2json/results/torch/torch.windows.gaussian.json
torch.windows.general_hamming,info2json/results/torch/torch.windows.general_hamming.json
torch.windows.hamming,info2json/results/torch/torch.windows.hamming.json
torch.windows.hann,info2json/results/torch/torch.windows.hann.json
torch.windows.kaiser,info2json/results/torch/torch.windows.kaiser.json
torch.windows.nuttall,info2json/results/torch/torch.windows.nuttall.json
torch.windows.windows.bartlett,info2json/results/torch/torch.windows.windows.bartlett.json
torch.windows.windows.blackman,info2json/results/torch/torch.windows.windows.blackman.json
torch.windows.windows.cosine,info2json/results/torch/torch.windows.windows.cosine.json
torch.windows.windows.exponential,info2json/results/torch/torch.windows.windows.exponential.json
torch.windows.windows.gaussian,info2json/results/torch/torch.windows.windows.gaussian.json
torch.windows.windows.general_hamming,info2json/results/torch/torch.windows.windows.general_hamming.json
torch.windows.windows.hamming,info2json/results/torch/torch.windows.windows.hamming.json
torch.windows.windows.hann,info2json/results/torch/torch.windows.windows.hann.json
torch.windows.windows.kaiser,info2json/results/torch/torch.windows.windows.kaiser.json
torch.windows.windows.nuttall,info2json/results/torch/torch.windows.windows.nuttall.json
torch.xpu.get_per_process_memory_fraction,info2json/results/torch/torch.xpu.get_per_process_memory_fraction.json
torch.xpu.get_rng_state,info2json/results/torch/torch.xpu.get_rng_state.json
torch.xpu.max_memory_allocated,info2json/results/torch/torch.xpu.max_memory_allocated.json
torch.xpu.max_memory_reserved,info2json/results/torch/torch.xpu.max_memory_reserved.json
torch.xpu.mem_get_info,info2json/results/torch/torch.xpu.mem_get_info.json
torch.xpu.memory.get_per_process_memory_fraction,info2json/results/torch/torch.xpu.memory.get_per_process_memory_fraction.json
torch.xpu.memory.max_memory_allocated,info2json/results/torch/torch.xpu.memory.max_memory_allocated.json
torch.xpu.memory.max_memory_reserved,info2json/results/torch/torch.xpu.memory.max_memory_reserved.json
torch.xpu.memory.mem_get_info,info2json/results/torch/torch.xpu.memory.mem_get_info.json
torch.xpu.memory.memory_allocated,info2json/results/torch/torch.xpu.memory.memory_allocated.json
torch.xpu.memory.memory_reserved,info2json/results/torch/torch.xpu.memory.memory_reserved.json
torch.xpu.memory.memory_stats,info2json/results/torch/torch.xpu.memory.memory_stats.json
torch.xpu.memory_allocated,info2json/results/torch/torch.xpu.memory_allocated.json
torch.xpu.memory_reserved,info2json/results/torch/torch.xpu.memory_reserved.json
torch.xpu.memory_stats,info2json/results/torch/torch.xpu.memory_stats.json
torch.xpu.random.get_rng_state,info2json/results/torch/torch.xpu.random.get_rng_state.json
torch.zeros,info2json/results/torch/torch.zeros.json
torch.zeros_like,info2json/results/torch/torch.zeros_like.json
