library,api_full_name,stage,error_type,message,signature,payload_ref,source_file,oracle_decision
torch,torch.cuda.max_memory_allocated,stage4_coverage,selected_function_line_coverage_percent=50 < 60,selected_function_line_coverage_percent=50 < 60,57a901f10a4950a7,,stage4/results/torch-thesis-all-coverage/low_coverage.csv,llm_unavailable
torch,torch.cuda.max_memory_reserved,stage4_coverage,selected_function_line_coverage_percent=50 < 60,selected_function_line_coverage_percent=50 < 60,8cad9b69dd63edb5,,stage4/results/torch-thesis-all-coverage/low_coverage.csv,llm_unavailable
torch,torch.cuda.memory.max_memory_allocated,stage4_coverage,selected_function_line_coverage_percent=50 < 60,selected_function_line_coverage_percent=50 < 60,d477cdd717dea4b9,,stage4/results/torch-thesis-all-coverage/low_coverage.csv,llm_unavailable
torch,torch.cuda.memory.max_memory_reserved,stage4_coverage,selected_function_line_coverage_percent=50 < 60,selected_function_line_coverage_percent=50 < 60,ad54456064ee5c6c,,stage4/results/torch-thesis-all-coverage/low_coverage.csv,llm_unavailable
torch,torch.cuda.memory.memory_allocated,stage4_coverage,selected_function_line_coverage_percent=50 < 60,selected_function_line_coverage_percent=50 < 60,53fb1b5859b3d020,,stage4/results/torch-thesis-all-coverage/low_coverage.csv,llm_unavailable
torch,torch.cuda.memory.memory_reserved,stage4_coverage,selected_function_line_coverage_percent=50 < 60,selected_function_line_coverage_percent=50 < 60,3478e8a3f4a45e27,,stage4/results/torch-thesis-all-coverage/low_coverage.csv,llm_unavailable
torch,torch.cuda.memory_allocated,stage4_coverage,selected_function_line_coverage_percent=50 < 60,selected_function_line_coverage_percent=50 < 60,06ad274aece9f374,,stage4/results/torch-thesis-all-coverage/low_coverage.csv,llm_unavailable
torch,torch.cuda.memory_reserved,stage4_coverage,selected_function_line_coverage_percent=50 < 60,selected_function_line_coverage_percent=50 < 60,ce0ce6059dd810c7,,stage4/results/torch-thesis-all-coverage/low_coverage.csv,llm_unavailable
torch,torch.distributions.transforms.pad,stage4_runtime,invalid_valid_mutation,Padding length must be divisible by 2,5f5f5ebafb7c8c25,stage4/results/torch-thesis-all-coverage/execution_results/torch.distributions.transforms.pad.results.json,stage4/results/torch-thesis-all-coverage/failures.csv,llm_unavailable
torch,torch.distributions.transforms.pad,stage4_coverage,selected_function_line_coverage_percent=50 < 60,selected_function_line_coverage_percent=50 < 60,850bcb8332c99e0f,,stage4/results/torch-thesis-all-coverage/low_coverage.csv,llm_unavailable
torch,torch.distributions.transforms.pad,stage4_runtime,RuntimeError,Padding length must be divisible by 2,855c1b80b3d1d1a9,stage4/results/torch-thesis-all-coverage/execution_results/torch.distributions.transforms.pad.results.json,stage4/results/torch-thesis-all-coverage/failure.csv,llm_unavailable
torch,torch.fx.experimental.symbolic_shapes.guard_scalar,stage4_coverage,selected_function_line_coverage_percent=37.5 < 60,selected_function_line_coverage_percent=37.5 < 60,60b911a450e15bad,,stage4/results/torch-thesis-all-coverage/low_coverage.csv,llm_unavailable
torch,torch.fx.experimental.symbolic_shapes.has_static_value,stage4_coverage,selected_function_line_coverage_percent=50 < 60,selected_function_line_coverage_percent=50 < 60,23dc4d44f71b4abf,,stage4/results/torch-thesis-all-coverage/low_coverage.csv,llm_unavailable
torch,torch.masked.amax,stage4_coverage,selected_function_line_coverage_percent=35.2941 < 60,selected_function_line_coverage_percent=35.2941 < 60,bd25aab3e20ff693,,stage4/results/torch-thesis-all-coverage/low_coverage.csv,llm_unavailable
torch,torch.masked.amin,stage4_coverage,selected_function_line_coverage_percent=35.2941 < 60,selected_function_line_coverage_percent=35.2941 < 60,013ddccb210aa55f,,stage4/results/torch-thesis-all-coverage/low_coverage.csv,llm_unavailable
torch,torch.masked.argmax,stage4_runtime,DifferentialMismatch,floating values differ beyond tolerance,aea1665450e7c1c2,stage4/results/torch-thesis-all-coverage/execution_results/torch.masked.argmax.results.json,stage4/results/torch-thesis-all-coverage/failure.csv,llm_unavailable
torch,torch.masked.argmax,stage4_runtime,candidate,differential_mismatch,c1b0ee3efb621274,,stage4/results/torch-thesis-all-coverage/bug_report.csv,llm_unavailable
torch,torch.masked.argmin,stage4_runtime,DifferentialMismatch,floating values differ beyond tolerance,0b64971295abe264,stage4/results/torch-thesis-all-coverage/execution_results/torch.masked.argmin.results.json,stage4/results/torch-thesis-all-coverage/failure.csv,llm_unavailable
torch,torch.masked.argmin,stage4_runtime,candidate,differential_mismatch,3fda7b020b064baa,,stage4/results/torch-thesis-all-coverage/bug_report.csv,llm_unavailable
torch,torch.masked.mean,stage4_coverage,selected_function_line_coverage_percent=43.4783 < 60,selected_function_line_coverage_percent=43.4783 < 60,c22928d5579e4566,,stage4/results/torch-thesis-all-coverage/low_coverage.csv,llm_unavailable
torch,torch.masked.median,stage4_coverage,selected_function_line_coverage_percent=58.8235 < 60,selected_function_line_coverage_percent=58.8235 < 60,0aecc17104a401a7,,stage4/results/torch-thesis-all-coverage/low_coverage.csv,llm_unavailable
torch,torch.masked.prod,stage4_coverage,selected_function_line_coverage_percent=44.4444 < 60,selected_function_line_coverage_percent=44.4444 < 60,2e4ded0efc06507a,,stage4/results/torch-thesis-all-coverage/low_coverage.csv,llm_unavailable
torch,torch.masked.std,stage4_coverage,selected_function_line_coverage_percent=33.3333 < 60,selected_function_line_coverage_percent=33.3333 < 60,82e6de3779add13f,,stage4/results/torch-thesis-all-coverage/low_coverage.csv,llm_unavailable
torch,torch.masked.sum,stage4_coverage,selected_function_line_coverage_percent=42.1053 < 60,selected_function_line_coverage_percent=42.1053 < 60,63ebb9d08cbe00a0,,stage4/results/torch-thesis-all-coverage/low_coverage.csv,llm_unavailable
torch,torch.masked.var,stage4_coverage,selected_function_line_coverage_percent=33.3333 < 60,selected_function_line_coverage_percent=33.3333 < 60,534b57a4d659d2aa,,stage4/results/torch-thesis-all-coverage/low_coverage.csv,llm_unavailable
torch,torch.mtia.memory.memory_allocated,stage4_coverage,selected_function_line_coverage_percent=50 < 60,selected_function_line_coverage_percent=50 < 60,ca3c8edb79b8adb0,,stage4/results/torch-thesis-all-coverage/low_coverage.csv,llm_unavailable
torch,torch.mtia.memory_allocated,stage4_coverage,selected_function_line_coverage_percent=50 < 60,selected_function_line_coverage_percent=50 < 60,9bab5b09da3a436f,,stage4/results/torch-thesis-all-coverage/low_coverage.csv,llm_unavailable
torch,torch.windows.general_hamming,stage4_coverage,selected_function_line_coverage_percent=33.3333 < 60,selected_function_line_coverage_percent=33.3333 < 60,1b1a3e29ebd24414,,stage4/results/torch-thesis-all-coverage/low_coverage.csv,llm_unavailable
torch,torch.windows.hamming,stage4_coverage,selected_function_line_coverage_percent=33.3333 < 60,selected_function_line_coverage_percent=33.3333 < 60,ee6a3222525304a5,,stage4/results/torch-thesis-all-coverage/low_coverage.csv,llm_unavailable
torch,torch.windows.hann,stage4_coverage,selected_function_line_coverage_percent=33.3333 < 60,selected_function_line_coverage_percent=33.3333 < 60,322182f0c9a609ff,,stage4/results/torch-thesis-all-coverage/low_coverage.csv,llm_unavailable
torch,torch.windows.nuttall,stage4_coverage,selected_function_line_coverage_percent=33.3333 < 60,selected_function_line_coverage_percent=33.3333 < 60,c802388a22df9977,,stage4/results/torch-thesis-all-coverage/low_coverage.csv,llm_unavailable
torch,torch.windows.windows.general_hamming,stage4_coverage,selected_function_line_coverage_percent=33.3333 < 60,selected_function_line_coverage_percent=33.3333 < 60,b8390fefb38d2ae9,,stage4/results/torch-thesis-all-coverage/low_coverage.csv,llm_unavailable
torch,torch.windows.windows.hamming,stage4_coverage,selected_function_line_coverage_percent=33.3333 < 60,selected_function_line_coverage_percent=33.3333 < 60,8f27b287abd342cd,,stage4/results/torch-thesis-all-coverage/low_coverage.csv,llm_unavailable
torch,torch.windows.windows.hann,stage4_coverage,selected_function_line_coverage_percent=33.3333 < 60,selected_function_line_coverage_percent=33.3333 < 60,83a7ce4f6cc96130,,stage4/results/torch-thesis-all-coverage/low_coverage.csv,llm_unavailable
torch,torch.windows.windows.nuttall,stage4_coverage,selected_function_line_coverage_percent=33.3333 < 60,selected_function_line_coverage_percent=33.3333 < 60,2cfd731a90d0c554,,stage4/results/torch-thesis-all-coverage/low_coverage.csv,llm_unavailable
torch,torch.xpu.max_memory_allocated,stage4_coverage,selected_function_line_coverage_percent=50 < 60,selected_function_line_coverage_percent=50 < 60,fe3224b8ba2cabfe,,stage4/results/torch-thesis-all-coverage/low_coverage.csv,llm_unavailable
torch,torch.xpu.max_memory_reserved,stage4_coverage,selected_function_line_coverage_percent=50 < 60,selected_function_line_coverage_percent=50 < 60,03b97939c57930d1,,stage4/results/torch-thesis-all-coverage/low_coverage.csv,llm_unavailable
torch,torch.xpu.memory.max_memory_allocated,stage4_coverage,selected_function_line_coverage_percent=50 < 60,selected_function_line_coverage_percent=50 < 60,9c884a440f7563e5,,stage4/results/torch-thesis-all-coverage/low_coverage.csv,llm_unavailable
torch,torch.xpu.memory.max_memory_reserved,stage4_coverage,selected_function_line_coverage_percent=50 < 60,selected_function_line_coverage_percent=50 < 60,19397a7348188042,,stage4/results/torch-thesis-all-coverage/low_coverage.csv,llm_unavailable
torch,torch.xpu.memory.memory_allocated,stage4_coverage,selected_function_line_coverage_percent=50 < 60,selected_function_line_coverage_percent=50 < 60,92a885c7243c420e,,stage4/results/torch-thesis-all-coverage/low_coverage.csv,llm_unavailable
torch,torch.xpu.memory.memory_reserved,stage4_coverage,selected_function_line_coverage_percent=50 < 60,selected_function_line_coverage_percent=50 < 60,3f136ca402dfd4e7,,stage4/results/torch-thesis-all-coverage/low_coverage.csv,llm_unavailable
torch,torch.xpu.memory.memory_snapshot,stage4_coverage,selected_function_line_coverage_percent=50 < 60,selected_function_line_coverage_percent=50 < 60,013f16d81d6f688f,,stage4/results/torch-thesis-all-coverage/low_coverage.csv,llm_unavailable
torch,torch.xpu.memory_allocated,stage4_coverage,selected_function_line_coverage_percent=50 < 60,selected_function_line_coverage_percent=50 < 60,a2d1625da5a83a7c,,stage4/results/torch-thesis-all-coverage/low_coverage.csv,llm_unavailable
torch,torch.xpu.memory_reserved,stage4_coverage,selected_function_line_coverage_percent=50 < 60,selected_function_line_coverage_percent=50 < 60,e68a2344b484d91e,,stage4/results/torch-thesis-all-coverage/low_coverage.csv,llm_unavailable
torch,torch.xpu.memory_snapshot,stage4_coverage,selected_function_line_coverage_percent=50 < 60,selected_function_line_coverage_percent=50 < 60,ddfc02b7843d9c54,,stage4/results/torch-thesis-all-coverage/low_coverage.csv,llm_unavailable
